,Date,origin,Unnamed: 0,year,month,day,hour,temp,dewp,humid,wind_dir,wind_speed,wind_gust,precip,pressure,visib,dep_delay,arr_delay
0,2013-1-1,EWR,12.0,2013.0,1.0,1.0,11.782608695652174,38.48,25.0504347826087,58.38608695652175,263.04347826086956,12.758647826086955,14.68239674530435,0.0,1012.4428571428571,10.0,17.48355263157895,20.886666666666667
1,2013-1-10,EWR,227.5,2013.0,1.0,10.0,11.5,44.1875,26.8175,52.20416666666665,286.25,10.117274166666668,11.642756765516667,0.0,1028.9375,10.0,5.580174927113703,-0.5743440233236151
2,2013-1-11,EWR,251.5,2013.0,1.0,11.0,11.5,41.38250000000001,29.99,64.54458333333334,76.95652173913044,4.938764166666668,5.683431027716666,0.0008333333333333334,1031.1238095238095,9.416666666666666,4.668621700879766,-2.262536873156342
3,2013-1-12,EWR,275.5,2013.0,1.0,12.0,11.5,45.62000000000001,44.32250000000001,95.29916666666668,75.41666666666667,5.705950833333335,6.566294099983334,0.011250000000000001,1020.4733333333334,3.8958333333333335,2.3663793103448274,-10.142857142857142
4,2013-1-13,EWR,299.5,2013.0,1.0,13.0,11.5,45.875,44.48000000000001,94.96750000000002,65.65217391304348,2.013865,2.3175155647000003,0.0,1019.7500000000001,2.2079166666666667,28.219594594594593,24.16151202749141
5,2013-1-14,EWR,323.5,2013.0,1.0,14.0,11.5,51.342499999999994,45.650000000000006,83.94958333333334,167.3913043478261,5.274408333333334,6.069683621833334,0.0,1018.0611111111112,4.1875,1.653958944281525,3.9587020648967552
6,2013-1-15,EWR,347.5,2013.0,1.0,15.0,11.5,39.37249999999999,29.43499999999999,68.73624999999997,225.83333333333334,9.925477500000001,11.422040997449999,0.005833333333333334,1025.6545454545458,9.958333333333334,2.0365853658536586,4.7926829268292686
7,2013-1-16,EWR,371.5,2013.0,1.0,16.0,11.5,34.760000000000005,31.474999999999998,88.52749999999999,111.81818181818181,7.6718666666666655,8.828630722666665,0.026666666666666672,1018.7470588235294,5.125,33.298136645962735,46.900621118012424
8,2013-1-17,EWR,395.5,2013.0,1.0,17.0,11.5,39.8975,29.487500000000008,67.87916666666666,277.39130434782606,9.350087500000003,10.75989369325,0.0,1016.1857142857145,9.791666666666666,15.869436201780415,17.071641791044776
9,2013-1-18,EWR,419.5,2013.0,1.0,18.0,11.5,31.8125,13.04,46.866250000000015,257.5,11.555749166666665,13.298125026016665,0.0,1024.7041666666667,10.0,13.149700598802395,8.401812688821753
10,2013-1-19,EWR,443.5,2013.0,1.0,19.0,11.5,36.995000000000005,19.1225,49.18833333333334,207.91666666666666,13.953207500000003,16.05707212685,0.0,1025.0958333333333,10.0,4.925764192139738,-5.394736842105263
11,2013-1-2,EWR,35.5,2013.0,1.0,2.0,11.5,28.834999999999997,11.3825,47.786249999999995,307.9166666666667,12.5147325,14.401703866349997,0.0,1017.3375,10.0,25.322674418604652,25.439882697947215
12,2013-1-20,EWR,467.5,2013.0,1.0,20.0,11.5,45.36499999999999,24.319999999999997,46.686249999999994,231.25,15.72732666666667,18.098692981466666,0.0,1010.0416666666666,10.0,16.86254295532646,15.914089347079038
13,2013-1-21,EWR,491.5,2013.0,1.0,21.0,11.5,30.207499999999996,9.912500000000001,42.24916666666667,223.75,7.575968333333335,8.718272838633334,0.0,1016.4749999999999,10.0,11.611940298507463,12.24776119402985
14,2013-1-22,EWR,515.5,2013.0,1.0,22.0,11.5,23.269999999999996,3.2824999999999993,42.90250000000001,286.25,16.59041166666667,19.091913937766666,0.0,1015.0217391304344,9.958333333333334,17.22590361445783,17.30722891566265
15,2013-1-23,EWR,539.5,2013.0,1.0,23.0,11.5,15.492500000000001,-5.2075000000000005,39.28416666666666,285.4166666666667,13.138071666666669,15.119030112566668,0.0,1023.1208333333333,10.0,17.83783783783784,14.114114114114114
16,2013-1-24,EWR,563.5,2013.0,1.0,24.0,11.5,17.674999999999997,-1.3074999999999999,45.080000000000005,275.0,12.274986666666669,14.125809156266667,0.0,1023.4041666666666,10.0,34.10089020771513,28.729166666666668
17,2013-1-25,EWR,587.5,2013.0,1.0,25.0,11.5,17.847499999999993,1.5050000000000001,49.060833333333335,256.95652173913044,10.309070833333333,11.863472533583332,0.0004166666666666667,1028.5857142857142,8.9375,29.704615384615384,38.953416149068325
18,2013-1-26,EWR,611.5,2013.0,1.0,26.0,11.5,20.1125,10.025,66.83708333333333,289.5833333333333,9.685731666666666,11.146146287366667,0.0004166666666666667,1020.357142857143,9.21875,8.687224669603523,2.39647577092511
19,2013-1-27,EWR,635.5,2013.0,1.0,27.0,11.5,25.4225,8.472500000000002,49.94541666666667,296.0869565217391,10.117274166666666,11.642756765516667,0.04833333333333333,1030.7708333333333,10.0,12.359861591695502,7.013840830449827
20,2013-1-28,EWR,659.5,2013.0,1.0,28.0,11.5,30.567499999999995,20.119999999999997,67.1775,111.42857142857143,3.9797808333333333,4.579852187383333,0.0,1029.1764705882354,6.6875,21.13013698630137,16.406896551724138
21,2013-1-29,EWR,683.5,2013.0,1.0,29.0,11.5,41.24000000000001,37.092499999999994,85.95749999999998,133.63636363636363,5.370306666666668,6.180041505866666,0.0016666666666666668,1018.2421052631582,6.083333333333333,6.297872340425532,-1.177914110429448
22,2013-1-3,EWR,59.5,2013.0,1.0,3.0,11.5,29.4575,14.780000000000001,54.39583333333334,276.95652173913044,7.863663333333335,9.049346490733335,0.0,1021.058333333333,10.0,8.45045045045045,6.102719033232629
23,2013-1-30,EWR,707.5,2013.0,1.0,30.0,11.5,47.637499999999996,45.005,91.11583333333333,68.33333333333333,4.699018333333332,5.407536317633333,0.0008333333333333334,1011.04,3.859166666666667,33.777408637873755,36.11371237458194
24,2013-1-31,EWR,731.5,2013.0,1.0,31.0,11.5,51.169999999999995,38.16499999999999,64.73375,215.0,24.3102275,27.97572360245,0.016250000000000004,996.8499999999999,8.375,38.68350168350168,45.36700336700337
25,2013-1-4,EWR,83.5,2013.0,1.0,4.0,11.5,33.4775,19.205000000000002,55.88041666666667,242.91666666666666,13.857309166666669,15.946714242816663,0.0,1017.5333333333333,10.0,12.103857566765578,1.768545994065282
26,2013-1-5,EWR,107.5,2013.0,1.0,5.0,11.5,36.7325,19.2425,49.28458333333333,271.6666666666667,10.836511666666668,12.470440895766666,0.0,1021.1208333333333,10.0,5.69620253164557,-1.3670886075949367
27,2013-1-6,EWR,131.5,2013.0,1.0,6.0,11.5,37.97,26.389999999999997,64.74916666666665,230.83333333333334,8.007510833333335,9.214883316783334,0.0,1019.9052631578946,9.166666666666666,12.383333333333333,10.983277591973245
28,2013-1-7,EWR,155.5,2013.0,1.0,7.0,11.5,41.27750000000001,24.567500000000006,52.977916666666665,288.75,8.870595833333335,10.208104273083336,0.0,1022.9708333333333,10.0,9.777777777777779,-1.9649122807017543
29,2013-1-8,EWR,179.5,2013.0,1.0,8.0,11.5,38.31499999999999,26.254999999999995,63.06749999999999,184.16666666666666,6.616985000000001,7.614693998300001,0.0,1028.8333333333333,9.75,3.8072289156626504,0.8454545454545455
30,2013-1-9,EWR,203.5,2013.0,1.0,9.0,11.5,40.7825,31.774999999999995,70.53125000000001,137.91666666666666,4.651069166666667,5.352357375616666,0.0,1026.5583333333334,9.041666666666666,3.1313432835820896,4.528358208955224
31,2013-10-1,EWR,6552.5,2013.0,10.0,1.0,11.5,67.5425,53.99000000000001,65.22333333333333,172.5,4.651069166666666,5.352357375616666,0.0,1014.9541666666668,9.916666666666666,-0.04129793510324484,-16.716814159292035
32,2013-10-10,EWR,6768.5,2013.0,10.0,10.0,11.5,58.04,50.157500000000006,75.28041666666665,26.25,12.850376666666667,14.787956460466667,0.0008333333333333334,1023.1590909090909,9.958333333333334,30.781710914454276,17.991150442477878
33,2013-10-11,EWR,6792.5,2013.0,10.0,11.0,11.5,62.93,55.80500000000001,77.72416666666668,30.416666666666668,12.610630833333332,14.512061750383333,0.0,1017.7375000000001,9.875,41.361635220125784,24.364779874213838
34,2013-10-12,EWR,6816.5,2013.0,10.0,12.0,11.5,66.25999999999999,46.08500000000001,49.46208333333333,44.583333333333336,13.186020833333338,15.174209054583331,0.0,1020.5041666666667,10.0,7.423423423423423,-10.184684684684685
35,2013-10-13,EWR,6840.5,2013.0,10.0,13.0,11.5,61.160000000000004,51.005,69.66708333333332,43.333333333333336,12.274986666666663,14.12580915626667,0.0,1026.8894736842103,10.0,6.173501577287066,-0.2996845425867508
36,2013-10-14,EWR,6864.5,2013.0,10.0,14.0,11.5,58.699999999999996,47.8775,68.28916666666665,84.0909090909091,5.801849166666668,6.676651984016665,0.0,1026.9681818181818,10.0,4.117142857142857,-3.3771428571428572
37,2013-10-15,EWR,6888.5,2013.0,10.0,15.0,11.5,59.88499999999999,49.85,71.56708333333333,70.41666666666667,4.1715775,4.80056795545,0.0,1023.1583333333333,9.875,3.9911764705882353,-5.162241887905605
38,2013-10-16,EWR,6912.5,2013.0,10.0,16.0,11.5,60.9125,53.84,77.82416666666667,114.54545454545455,4.746967500000001,5.46271525965,0.0,1017.8882352941175,10.0,-0.6345029239766082,-5.463343108504398
39,2013-10-17,EWR,6936.5,2013.0,10.0,17.0,11.5,65.55499999999999,59.95249999999999,83.06875000000001,190.0,6.185442500000001,7.118083520149999,0.0,1011.5,7.916666666666667,18.354285714285716,18.037142857142857
40,2013-10-18,EWR,6960.5,2013.0,10.0,18.0,11.5,63.88999999999999,48.68750000000002,60.72041666666669,251.25,13.617563333333331,15.670819532733331,0.0008333333333333334,1009.7695652173913,9.791666666666666,12.132183908045977,12.867435158501442
41,2013-10-19,EWR,6984.5,2013.0,10.0,19.0,11.5,56.0825,43.475,63.37416666666664,152.38095238095238,4.651069166666667,5.352357375616666,0.0,1013.6958333333333,10.0,1.4755555555555555,0.29777777777777775
42,2013-10-2,EWR,6576.5,2013.0,10.0,2.0,11.5,71.9,56.95249999999999,61.604166666666664,243.75,7.767765000000001,8.938988606699999,0.0,1014.2708333333335,9.958333333333334,-0.15451895043731778,-11.86588921282799
43,2013-10-20,EWR,7008.5,2013.0,10.0,20.0,11.5,57.33499999999999,41.0975,58.61791666666667,257.0833333333333,10.596765833333334,12.194546185683334,0.00125,1012.0791666666669,10.0,1.1324921135646688,1.4321766561514195
44,2013-10-21,EWR,7032.5,2013.0,10.0,21.0,11.5,55.6175,36.30500000000001,51.4075,210.83333333333334,6.8567308333333346,7.890588708383333,0.0,1018.7291666666666,10.0,0.7220630372492837,0.5644699140401146
45,2013-10-22,EWR,7056.5,2013.0,10.0,22.0,11.5,57.12499999999998,45.98749999999999,67.52583333333332,189.58333333333334,7.480070000000001,8.607914954600002,0.0,1011.6416666666665,10.0,2.2684365781710913,3.7610619469026547
46,2013-10-23,EWR,7079.5,2013.0,10.0,23.0,11.590909090909092,50.908181818181816,35.943636363636365,57.00363636363635,162.38095238095238,7.48007,8.607914954599998,0.0,1007.018181818182,10.0,0.04081632653061224,-0.08454810495626822
47,2013-10-23,JFK,8716.5,2013.0,10.0,23.0,10.5,48.92,39.02,68.51,50.0,4.60312,5.2971784336,0.0,1008.3,10.0,1.0271186440677966,-3.4761904761904763
48,2013-10-24,EWR,7102.5,2013.0,10.0,24.0,11.5,47.12000000000001,30.53,55.37833333333333,267.0833333333333,11.747545833333328,13.518840794083333,0.0,1011.1916666666666,10.0,5.154285714285714,2.9541547277936964
49,2013-10-25,EWR,7126.5,2013.0,10.0,25.0,11.5,45.665,28.257499999999993,52.09,267.0833333333333,10.932409999999997,12.580798779800004,0.0,1019.0500000000002,10.0,15.5,7.598265895953757
50,2013-10-26,EWR,7148.0,2013.0,10.0,26.0,14.0,46.04947368421053,29.157894736842106,55.94315789473685,213.68421052631578,12.234608421052632,14.079342678778948,0.0,1019.8052631578947,10.0,4.233183856502242,-1.8161434977578474
51,2013-10-27,EWR,7169.0,2013.0,10.0,27.0,11.956521739130435,52.17565217391304,29.933913043478256,43.36217391304348,252.6086956521739,10.757291304347827,12.379275687217387,0.0,1013.9695652173913,10.0,8.968553459119496,-0.5031446540880503
52,2013-10-28,EWR,7192.5,2013.0,10.0,28.0,11.5,50.375,30.357499999999998,48.90333333333333,217.08333333333334,7.528019166666668,8.663093896616667,0.0,1022.0125000000002,10.0,3.6235632183908044,-0.22988505747126436
53,2013-10-29,EWR,7216.5,2013.0,10.0,29.0,11.5,49.7075,31.42249999999999,49.901666666666664,63.47826086956522,7.863663333333332,9.049346490733333,0.0,1028.1333333333334,10.0,0.7790697674418605,0.5203488372093024
54,2013-10-3,EWR,6600.5,2013.0,10.0,3.0,11.5,72.1175,55.99250000000001,59.18416666666666,165.2173913043478,4.171577500000001,4.80056795545,0.0,1017.8583333333332,10.0,16.35042735042735,11.08
55,2013-10-30,EWR,7240.5,2013.0,10.0,30.0,11.5,50.84750000000002,39.035,64.05166666666665,73.91304347826087,4.027730000000001,4.635031129400001,0.0,1025.3954545454544,9.958333333333334,2.293103448275862,1.160919540229885
56,2013-10-31,EWR,7264.5,2013.0,10.0,31.0,11.5,59.307500000000005,53.98250000000001,82.73291666666667,106.66666666666667,3.596187499999999,4.138420651250001,0.0004166666666666667,1019.0500000000001,7.354166666666667,10.522435897435898,8.395498392282958
57,2013-10-4,EWR,6624.5,2013.0,10.0,4.0,11.5,74.61500000000001,59.50249999999999,61.00916666666665,168.2608695652174,5.562103333333333,6.400757273933334,0.0,1016.8958333333335,9.708333333333334,3.8434782608695652,-2.953623188405797
58,2013-10-5,EWR,6648.5,2013.0,10.0,5.0,11.5,70.03999999999999,63.73250000000001,81.53583333333334,56.36363636363637,5.418255833333334,6.235220447883333,0.0020833333333333333,1017.2526315789473,8.5,7.0,-2.84
59,2013-10-6,EWR,6672.5,2013.0,10.0,6.0,11.5,67.115,65.18750000000001,93.61,102.72727272727273,6.569035833333333,7.559515056283332,0.0,1018.323076923077,4.104166666666667,6.133333333333334,-3.6444444444444444
60,2013-10-7,EWR,6696.5,2013.0,10.0,7.0,11.5,70.50500000000001,66.47,87.41458333333334,149.1304347826087,9.398036666666666,10.815072635266668,0.0008333333333333334,1014.5250000000001,6.802083333333333,46.744615384615386,43.895384615384614
61,2013-10-8,EWR,6720.5,2013.0,10.0,8.0,11.5,60.754999999999995,45.4775,59.21291666666668,235.41666666666666,7.911612500000001,9.10452543275,0.0,1020.8874999999999,10.0,3.585294117647059,-5.220588235294118
62,2013-10-9,EWR,6744.5,2013.0,10.0,9.0,11.5,57.1775,44.69000000000002,63.19208333333332,26.666666666666668,11.411901666666665,13.132588199966667,0.0,1027.5333333333335,10.0,2.442815249266862,-10.0
63,2013-11-1,EWR,7288.5,2013.0,11.0,1.0,11.5,66.77000000000001,58.294999999999995,75.17833333333331,209.58333333333334,15.631428333333334,17.988335097433332,0.0016666666666666668,1004.4521739130433,9.541666666666666,15.364741641337385,14.760736196319018
64,2013-11-10,EWR,7498.5,2013.0,11.0,10.0,11.5,48.26,32.397499999999994,56.27333333333333,235.41666666666666,13.090122500000001,15.06385117055,0.0,1014.0124999999999,10.0,1.7838709677419355,-5.631067961165049
65,2013-11-11,EWR,7522.5,2013.0,11.0,11.0,11.5,47.72,25.317499999999995,41.72541666666667,258.75,13.186020833333338,15.174209054583331,0.0,1019.6374999999999,10.0,3.715492957746479,-2.2711864406779663
66,2013-11-12,EWR,7546.5,2013.0,11.0,12.0,11.5,42.612500000000004,26.224999999999998,53.40375,291.25,14.384750000000004,16.553682605,0.0004166666666666667,1018.5809523809526,9.541666666666666,9.997167138810198,3.627840909090909
67,2013-11-13,EWR,7570.5,2013.0,11.0,13.0,11.5,33.559999999999995,13.415000000000001,44.65166666666667,311.25,12.083189999999997,13.9050933882,0.0,1027.0041666666666,10.0,3.9376770538243626,-16.59375
68,2013-11-14,EWR,7594.5,2013.0,11.0,14.0,11.5,39.9575,15.387499999999998,40.81583333333333,235.41666666666666,11.747545833333334,13.51884079408333,0.0,1024.095833333333,10.0,5.629213483146067,-3.788732394366197
69,2013-11-15,EWR,7618.5,2013.0,11.0,15.0,11.5,45.747499999999995,22.3775,41.32916666666667,214.58333333333334,6.521086666666666,7.504336114266668,0.0,1022.9125,10.0,1.264957264957265,-5.52991452991453
70,2013-11-16,EWR,7642.5,2013.0,11.0,16.0,11.5,50.059999999999995,37.20500000000001,62.34708333333335,156.66666666666666,4.651069166666667,5.352357375616666,0.0020833333333333333,1025.2083333333335,9.958333333333334,3.5396825396825395,-7.25
71,2013-11-17,EWR,7666.5,2013.0,11.0,17.0,11.5,53.4275,50.48000000000001,89.75666666666666,34.166666666666664,2.30156,2.6485892168,0.0,1022.6944444444447,5.427083333333333,19.501618122977348,20.832786885245902
72,2013-11-18,EWR,7690.5,2013.0,11.0,18.0,11.5,61.05500000000001,45.365,63.52625,201.25,10.740613333333334,12.360083011733336,0.004166666666666667,1005.6294117647059,9.333333333333334,10.555240793201133,4.917142857142857
73,2013-11-19,EWR,7714.5,2013.0,11.0,19.0,11.5,47.2925,23.5625,39.267500000000005,306.25,16.974005000000005,19.5333454739,0.0,1014.8666666666667,10.0,2.071022727272727,-4.663817663817664
74,2013-11-2,EWR,7312.5,2013.0,11.0,2.0,11.5,60.035000000000004,47.8175,66.21416666666666,171.7391304347826,6.089544166666667,7.007725636116667,0.0,1004.5041666666666,10.0,1.9013452914798206,1.0226244343891402
75,2013-11-20,EWR,7738.5,2013.0,11.0,20.0,11.5,37.160000000000004,16.5275,44.89208333333334,123.75,10.404969166666666,11.973830417616666,0.0,1031.6499999999999,10.0,1.1954674220963173,-8.031161473087819
76,2013-11-21,EWR,7762.5,2013.0,11.0,21.0,11.5,39.2975,25.962500000000002,58.96708333333334,90.47619047619048,6.664934166666666,7.669872940316666,0.0,1035.0375000000001,10.0,3.3081232492997197,0.7584269662921348
77,2013-11-22,EWR,7786.5,2013.0,11.0,22.0,11.5,52.0925,45.080000000000005,77.13333333333334,177.5,6.185442500000001,7.118083520150001,0.0008333333333333334,1023.6066666666665,9.416666666666666,13.854285714285714,13.896848137535816
78,2013-11-23,EWR,7810.5,2013.0,11.0,23.0,11.5,46.714999999999996,29.06,52.76208333333333,284.3478260869565,14.336800833333335,16.49850366298333,0.0,1014.7333333333336,9.958333333333334,8.70703125,8.390625
79,2013-11-24,EWR,7834.5,2013.0,11.0,24.0,11.5,27.972499999999997,4.640000000000001,37.15875,300.0,21.097633333333338,24.278734487333338,0.0,1020.5041666666667,10.0,16.733118971061092,4.813504823151125
80,2013-11-25,EWR,7858.5,2013.0,11.0,25.0,11.5,27.545000000000005,7.0925,41.826249999999995,260.0,9.398036666666664,10.815072635266667,0.0,1030.0416666666667,10.0,3.4542682926829267,-3.1402439024390243
81,2013-11-26,EWR,7882.5,2013.0,11.0,26.0,11.5,35.40499999999999,19.640000000000004,53.78875,163.75,6.377239166666666,7.338799288216666,0.0033333333333333327,1026.409523809524,9.166666666666666,8.693409742120345,6.234957020057307
82,2013-11-27,EWR,7906.5,2013.0,11.0,27.0,11.5,48.785000000000004,46.32499999999999,91.24125,205.0,12.083190000000002,13.9050933882,0.057500000000000016,1004.6714285714286,4.958333333333333,15.789772727272727,9.532763532763532
83,2013-11-28,EWR,7930.5,2013.0,11.0,28.0,11.5,33.725,14.284999999999998,45.77083333333334,290.4166666666667,16.44656416666667,18.926377111716665,0.0,1017.8875000000003,10.0,6.793859649122807,-5.035087719298246
84,2013-11-29,EWR,7954.5,2013.0,11.0,29.0,11.5,34.025000000000006,15.912499999999996,47.543333333333344,289.1666666666667,6.856730833333334,7.890588708383334,0.0,1034.1956521739132,10.0,0.9305555555555556,-12.423255813953489
85,2013-11-3,EWR,7334.0,2013.0,11.0,3.0,14.0,48.72105263157894,32.45473684210527,54.63894736842104,270.0,13.869927368421052,15.961235017031578,0.0,1018.0,10.0,7.326984126984127,5.895238095238096
86,2013-11-30,EWR,7978.5,2013.0,11.0,30.0,11.5,30.537499999999998,16.3025,55.41291666666666,127.3913043478261,8.103409166666667,9.325241200816665,0.0,1039.8681818181817,10.0,4.116129032258065,-9.887096774193548
87,2013-11-4,EWR,7355.0,2013.0,11.0,4.0,11.347826086956522,39.14521739130434,16.613913043478263,40.838260869565225,120.9090909090909,10.256952173913042,11.803495422695653,0.0,1034.4521739130435,10.0,2.0685714285714285,0.5257142857142857
88,2013-11-5,EWR,7378.5,2013.0,11.0,5.0,11.5,45.665,31.572499999999994,58.30333333333332,99.56521739130434,5.993645833333332,6.8973677520833325,0.0,1036.8124999999998,10.0,0.47863247863247865,-4.56980056980057
89,2013-11-6,EWR,7402.5,2013.0,11.0,6.0,11.5,53.3225,43.6325,70.57833333333333,71.9047619047619,3.3084925,3.8073469991499995,0.0,1028.8695652173915,9.833333333333334,2.7777777777777777,-1.4957264957264957
90,2013-11-7,EWR,7426.5,2013.0,11.0,7.0,11.5,56.855,51.732499999999995,83.23625,216.25,9.20624,10.5943568672,0.00125,1014.0277777777778,9.583333333333334,15.0835734870317,14.472622478386167
91,2013-11-8,EWR,7450.5,2013.0,11.0,8.0,11.5,45.01999999999999,27.635,51.83458333333334,284.2857142857143,12.70652916666667,14.622419634416666,0.0,1016.5750000000002,10.0,7.8835227272727275,1.7606837606837606
92,2013-11-9,EWR,7474.5,2013.0,11.0,9.0,11.5,43.07749999999999,25.257500000000004,50.71541666666667,245.9090909090909,8.678799166666668,9.987388505016666,0.0,1023.3375,10.0,-0.7401574803149606,-7.429133858267717
93,2013-12-1,EWR,8002.5,2013.0,12.0,1.0,11.5,40.81999999999999,28.91,63.317916666666655,90.9090909090909,4.507221666666668,5.186820549566667,0.0,1023.4550000000003,10.0,12.209039548022599,2.0
94,2013-12-10,EWR,8218.5,2013.0,12.0,10.0,11.5,33.88249999999999,31.1525,89.74874999999999,243.47826086956522,9.014443333333334,10.373641099133334,0.009166666666666668,1015.4764705882352,6.979166666666667,26.330543933054393,49.03765690376569
95,2013-12-11,EWR,8242.5,2013.0,12.0,11.0,11.5,28.234999999999996,16.6475,61.74541666666669,236.25,11.699596666666665,13.463661852066666,0.0,1023.4666666666666,10.0,12.550295857988166,19.59171597633136
96,2013-12-12,EWR,8266.5,2013.0,12.0,12.0,11.5,25.924999999999997,10.144999999999998,51.34166666666667,282.5,11.747545833333332,13.518840794083332,0.0,1025.3583333333331,10.0,9.0,8.670588235294117
97,2013-12-13,EWR,8290.5,2013.0,12.0,13.0,11.5,25.865,10.459999999999999,51.83291666666667,243.75,11.220104999999998,12.911872431900001,0.0,1022.3000000000001,10.0,7.901449275362319,4.449275362318841
98,2013-12-14,EWR,8314.5,2013.0,12.0,14.0,11.5,26.584999999999997,19.145000000000003,74.49708333333334,80.83333333333333,10.7885625,12.415261953749997,0.005,1027.8157894736842,6.21875,12.70625,25.78616352201258
99,2013-12-15,EWR,8338.5,2013.0,12.0,15.0,11.5,32.495,28.849999999999998,87.18583333333333,197.91666666666666,13.3778175,15.394924822649998,0.02541666666666667,1004.5374999999999,6.53125,15.576642335766424,13.477941176470589
100,2013-12-16,EWR,8362.5,2013.0,12.0,16.0,11.5,29.284999999999997,14.524999999999999,54.08958333333333,262.0833333333333,12.946274999999998,14.898314344500001,0.0,1015.8124999999997,10.0,12.598265895953757,8.768115942028986
101,2013-12-17,EWR,8386.0,2013.0,12.0,17.0,11.782608695652174,26.545217391304345,18.844347826086956,73.81347826086957,117.3913043478261,7.605154782608695,8.751860020730435,0.0034782608695652175,1023.0,5.956521739130435,39.97222222222222,54.37762237762238
102,2013-12-17,JFK,8718.0,2013.0,12.0,17.0,5.0,26.96,10.94,50.34,40.0,4.60312,5.2971784336,0.0,1023.9,10.0,34.08455882352941,48.44444444444444
103,2013-12-18,EWR,8409.5,2013.0,12.0,18.0,11.5,27.830000000000002,19.497500000000002,71.92166666666667,255.41666666666666,9.398036666666666,10.815072635266668,0.0,1016.8904761904762,9.916666666666666,13.486725663716815,8.805309734513274
104,2013-12-19,EWR,8433.5,2013.0,12.0,19.0,11.5,32.3375,21.950000000000006,65.78583333333333,213.75,7.096476666666667,8.166483418466667,0.0,1020.4208333333335,9.625,24.359420289855073,17.648255813953487
105,2013-12-2,EWR,8026.5,2013.0,12.0,2.0,11.5,44.262499999999996,30.912500000000005,59.469166666666666,106.25,2.7810516666666665,3.2003786369666667,0.0,1014.9166666666666,8.666666666666666,12.912921348314606,4.237288135593221
106,2013-12-20,EWR,8457.5,2013.0,12.0,20.0,11.5,41.44249999999999,30.5975,65.97083333333333,128.33333333333334,4.1236283333333335,4.745389013433333,0.0,1018.0416666666665,9.958333333333334,28.680473372781066,27.047619047619047
107,2013-12-21,EWR,8481.5,2013.0,12.0,21.0,11.5,50.9075,43.482499999999995,76.55833333333335,205.83333333333334,6.760832499999999,7.780230824349999,0.0,1014.8666666666668,9.958333333333334,25.91726618705036,18.38768115942029
108,2013-12-22,EWR,8505.5,2013.0,12.0,22.0,11.5,64.78250000000001,57.40250000000001,77.24374999999998,207.91666666666666,12.850376666666667,14.787956460466667,0.00125,1012.0,10.0,46.16053511705686,37.993288590604024
109,2013-12-23,EWR,8529.5,2013.0,12.0,23.0,11.5,58.89499999999999,55.75249999999999,89.54666666666667,215.45454545454547,7.432120833333333,8.552736012583333,0.012499999999999999,1015.0294117647059,7.25,42.59077809798271,38.64450867052023
110,2013-12-24,EWR,8553.5,2013.0,12.0,24.0,11.5,38.870000000000005,24.245000000000005,56.234166666666674,322.9166666666667,13.9532075,16.05707212685,0.0,1020.9681818181817,10.0,9.450592885375494,1.3399209486166008
111,2013-12-25,EWR,8577.5,2013.0,12.0,25.0,11.5,25.467499999999998,7.002500000000001,45.28874999999999,254.54545454545453,10.980359166666664,12.63597772181666,0.0,1031.0166666666667,10.0,10.094017094017094,-0.15384615384615385
112,2013-12-26,EWR,8601.5,2013.0,12.0,26.0,11.5,31.047500000000003,19.0475,60.904166666666676,153.75,5.801849166666667,6.676651984016666,0.0,1027.1285714285716,9.541666666666666,20.25625,11.896875
113,2013-12-27,EWR,8625.5,2013.0,12.0,27.0,11.5,34.24250000000001,19.872500000000006,56.6875,253.75,8.343155000000001,9.6011359109,0.0,1026.475,10.0,16.25655976676385,4.947521865889213
114,2013-12-28,EWR,8649.5,2013.0,12.0,28.0,11.5,39.154999999999994,23.007500000000004,54.89750000000001,222.91666666666666,8.822646666666667,10.152925331066667,0.0,1023.1166666666667,10.0,8.76842105263158,-3.4842105263157896
115,2013-12-29,EWR,8673.5,2013.0,12.0,29.0,11.5,43.04749999999999,32.330000000000005,67.60208333333334,166.52173913043478,8.103409166666667,9.325241200816667,0.03291666666666667,1014.595,7.947916666666667,30.139455782312925,20.68941979522184
116,2013-12-3,EWR,8050.5,2013.0,12.0,3.0,11.5,44.45000000000001,35.0375,72.16541666666664,154.16666666666666,5.226459166666667,6.0145046798166675,0.0,1012.9625000000001,7.916666666666667,7.162393162393163,5.893982808022923
117,2013-12-30,EWR,8697.5,2013.0,12.0,30.0,11.5,38.9,30.7175,73.83875,280.8333333333333,12.035240833333335,13.849914446183334,0.0,1012.5409090909088,10.0,16.730434782608697,15.046376811594202
118,2013-12-4,EWR,8074.5,2013.0,12.0,4.0,11.5,43.827499999999986,36.365,75.43,52.5,3.9318316666666675,4.524673245366666,0.0,1018.1826086956522,6.166666666666667,10.47953216374269,9.03225806451613
119,2013-12-5,EWR,8098.5,2013.0,12.0,5.0,11.5,51.830000000000005,48.537499999999994,88.70833333333333,48.75,2.829000833333333,3.2555575789833333,0.0,1017.875,3.9270833333333335,61.22184300341297,65.49829351535836
120,2013-12-6,EWR,8122.5,2013.0,12.0,6.0,11.5,52.107499999999995,49.63249999999999,91.28999999999998,252.91666666666666,8.726748333333335,10.042567447033333,0.005416666666666667,1014.9333333333334,4.90625,23.275974025974026,27.710097719869708
121,2013-12-7,EWR,8146.5,2013.0,12.0,7.0,11.5,38.315000000000005,30.125,74.33083333333333,250.0,11.699596666666665,13.463661852066666,0.0175,1025.5875,7.833333333333333,8.776315789473685,11.883408071748878
122,2013-12-8,EWR,8170.5,2013.0,12.0,8.0,11.5,31.122500000000006,16.805,55.51416666666666,160.41666666666666,8.151358333333336,9.380420142833334,0.0004166666666666667,1034.1428571428569,9.145833333333334,24.985915492957748,45.405693950177934
123,2013-12-9,EWR,8194.5,2013.0,12.0,9.0,11.5,33.68750000000001,32.4425,95.185,110.0,10.500867500000004,12.084188301650002,0.012916666666666665,1020.11,3.28125,50.230283911671926,59.044585987261144
124,2013-2-1,EWR,755.5,2013.0,2.0,1.0,11.5,30.005,9.867500000000001,43.42749999999999,269.1666666666667,17.35759833333334,19.97477701003333,0.0,1011.3086956521737,9.958333333333334,17.222560975609756,12.769938650306749
125,2013-2-10,EWR,971.5,2013.0,2.0,10.0,11.5,25.0775,9.207500000000001,51.46666666666666,229.16666666666666,5.801849166666667,6.676651984016668,0.0,1029.075,10.0,15.331010452961673,8.237762237762238
126,2013-2-11,EWR,995.5,2013.0,2.0,11.0,11.5,35.5775,31.047499999999996,84.43375,67.5,2.1577124999999997,2.48305239075,0.010833333333333334,1018.305,5.0625,33.032051282051285,34.22258064516129
127,2013-2-12,EWR,1019.5,2013.0,2.0,12.0,11.5,41.6375,30.3725,66.56708333333334,260.0,55.668982500000006,64.06275168134998,0.0,1010.1263157894736,8.5625,7.788519637462236,3.709090909090909
128,2013-2-13,EWR,1043.5,2013.0,2.0,13.0,11.5,38.12000000000001,23.982499999999998,57.615416666666675,151.30434782608697,4.459272500000002,5.13164160755,0.0,1011.5708333333333,10.0,4.514970059880239,3.4324324324324325
129,2013-2-14,EWR,1067.5,2013.0,2.0,14.0,11.5,39.4175,27.934999999999988,65.97125,222.38095238095238,7.623917500000001,8.773451780650001,0.00125,1011.5000000000002,9.375,6.9491525423728815,6.279661016949152
130,2013-2-15,EWR,1091.5,2013.0,2.0,15.0,11.5,42.162499999999994,30.957499999999992,66.71958333333332,177.72727272727272,6.329289999999999,7.2836203462,0.0,1015.1624999999998,8.666666666666666,6.345821325648415,4.2601156069364166
131,2013-2-16,EWR,1115.5,2013.0,2.0,16.0,11.5,38.72749999999999,28.992500000000003,69.86916666666666,232.91666666666666,10.309070833333335,11.863472533583334,0.00125,1013.0727272727275,9.583333333333334,8.114942528735632,1.6846153846153846
132,2013-2-17,EWR,1139.5,2013.0,2.0,17.0,11.5,30.29750000000001,7.1149999999999975,38.30708333333333,307.9166666666667,20.809938333333335,23.947660835233332,0.0,1007.2083333333334,10.0,9.315614617940199,-0.14666666666666667
133,2013-2-18,EWR,1163.0,2013.0,2.0,18.0,11.826086956521738,25.14434782608696,2.292173913043478,37.839999999999996,289.5652173913044,16.210987826086953,18.655280570504345,0.0,1020.6130434782609,10.0,10.077809798270893,-0.8260869565217391
134,2013-2-18,JFK,8710.0,2013.0,2.0,18.0,4.0,17.96,-0.94,42.69,290.0,29.920279999999998,34.4316598184,0.0,1016.2,10.0,8.822784810126583,-2.812698412698413
135,2013-2-19,EWR,1186.5,2013.0,2.0,19.0,11.5,37.4675,23.884999999999994,59.40833333333333,181.30434782608697,7.6239175,8.773451780650001,0.0062499999999999995,1017.9380952380951,9.125,24.442477876106196,17.07669616519174
136,2013-2-2,EWR,779.5,2013.0,2.0,2.0,11.5,24.627499999999998,6.934999999999999,47.41458333333333,252.17391304347825,12.035240833333331,13.849914446183334,0.0,1023.2916666666669,10.0,7.6244541484716155,-1.4017467248908297
137,2013-2-20,EWR,1210.0,2013.0,2.0,20.0,11.173913043478262,34.23826086956523,18.47652173913044,53.693913043478254,270.8695652173913,19.563260000000003,22.513008342799996,0.0004347826086956522,1010.015,10.0,12.654069767441861,7.603498542274052
138,2013-2-20,JFK,8711.0,2013.0,2.0,20.0,19.0,32.0,8.06,36.03,280.0,26.467940000000002,30.458775993200003,0.0,1011.2,10.0,10.218954248366012,3.9901315789473686
139,2013-2-21,EWR,1233.0,2013.0,2.0,21.0,11.782608695652174,29.401739130434784,10.697391304347825,45.50565217391305,297.39130434782606,17.36176782608696,19.979575178904344,0.0,1016.5652173913045,10.0,15.171091445427729,13.215976331360947
140,2013-2-22,EWR,1256.5,2013.0,2.0,22.0,11.5,30.0125,17.96,60.84708333333331,180.95238095238096,8.726748333333331,10.042567447033335,0.0,1026.9541666666664,9.958333333333334,20.43952802359882,20.07396449704142
141,2013-2-23,EWR,1280.5,2013.0,2.0,23.0,11.5,39.372499999999995,36.695,90.44916666666667,71.25,6.616985,7.614693998299999,0.012916666666666667,1020.1937499999999,4.614583333333333,11.617760617760618,10.988326848249027
142,2013-2-24,EWR,1304.5,2013.0,2.0,24.0,11.5,40.27999999999999,33.54500000000001,79.24875,247.91666666666666,12.754478333333331,14.677598576433333,0.0,1009.50625,7.666666666666667,11.487096774193548,3.6990291262135924
143,2013-2-25,EWR,1328.5,2013.0,2.0,25.0,11.5,37.85,23.435,56.48208333333334,313.75,10.117274166666668,11.642756765516667,0.0,1018.4833333333332,10.0,11.222543352601155,7.771014492753623
144,2013-2-26,EWR,1352.5,2013.0,2.0,26.0,11.5,39.4475,28.654999999999998,65.62958333333334,128.75,7.719815833333333,8.883809664683335,0.0,1023.4958333333334,9.791666666666666,10.418674698795181,3.9353846153846153
145,2013-2-27,EWR,1376.5,2013.0,2.0,27.0,11.5,41.7425,38.832499999999996,89.885,85.83333333333333,13.521664999999993,15.5604616487,0.05791666666666667,1005.6153846153846,4.979166666666667,34.37388724035608,32.49258160237389
146,2013-2-28,EWR,1400.5,2013.0,2.0,28.0,11.5,44.88499999999999,33.9575,66.60791666666664,220.41666666666666,6.90468,7.9457676504000005,0.0,1002.3666666666667,10.0,7.596045197740113,-5.788135593220339
147,2013-2-3,EWR,803.5,2013.0,2.0,3.0,11.5,26.705,19.662499999999998,75.5775,149.1304347826087,5.8977475,6.787009868049999,0.0008333333333333334,1013.8,7.791666666666667,7.176678445229682,0.15901060070671377
148,2013-2-4,EWR,827.5,2013.0,2.0,4.0,11.5,27.335000000000004,10.9325,51.057916666666664,265.8333333333333,14.001156666666668,16.112251068866666,0.0,1012.6708333333335,10.0,19.53293413173653,16.81024096385542
149,2013-2-5,EWR,851.5,2013.0,2.0,5.0,11.5,28.93249999999999,22.040000000000003,76.48708333333335,74.34782608695652,4.986713333333333,5.738609969733333,0.0004166666666666667,1013.9210526315787,7.208333333333333,9.009146341463415,11.644171779141104
150,2013-2-6,EWR,875.5,2013.0,2.0,6.0,11.5,34.055,24.515,71.70041666666667,204.16666666666666,8.4870025,9.76667273695,0.0004166666666666667,1017.7149999999999,6.166666666666667,3.918181818181818,-1.9696969696969697
151,2013-2-7,EWR,899.5,2013.0,2.0,7.0,11.5,29.81750000000001,7.745,39.022083333333335,190.8695652173913,8.05546,9.2700622588,0.0,1030.025,10.0,9.357771260997067,6.288235294117647
152,2013-2-8,EWR,923.5,2013.0,2.0,8.0,11.5,33.897499999999994,27.987500000000008,79.62666666666667,38.333333333333336,12.658580000000002,14.567240692400004,0.010833333333333334,1023.4357142857142,6.041666666666667,8.615853658536585,19.90740740740741
153,2013-2-9,EWR,947.5,2013.0,2.0,9.0,11.5,29.682499999999994,20.142500000000002,70.65541666666667,306.6666666666667,16.734259166666668,19.257450763816664,0.011666666666666667,1014.8187499999999,6.729166666666667,29.714285714285715,16.887755102040817
154,2013-3-1,EWR,1424.5,2013.0,3.0,1.0,11.5,40.309999999999995,28.1525,62.67249999999999,284.1666666666667,9.445985833333333,10.870251577283332,0.0,1004.4666666666668,10.0,19.8,8.920588235294117
155,2013-3-10,EWR,1640.9130434782608,2013.0,3.0,10.0,11.91304347826087,40.57739130434783,31.053043478260882,70.90565217391305,81.81818181818181,4.703187826086955,5.412334486504348,0.0,1027.4391304347826,10.0,14.4472049689441,2.0311526479750777
156,2013-3-11,EWR,1664.5,2013.0,3.0,11.0,11.5,44.165,39.342499999999994,83.30708333333334,105.9090909090909,4.890815000000001,5.628252085700001,0.0,1024.0944444444444,9.541666666666666,9.783098591549296,0.7308781869688386
157,2013-3-12,EWR,1688.5,2013.0,3.0,12.0,11.5,52.182500000000005,49.2275,89.79416666666663,163.33333333333334,8.247256666666667,9.490778026866666,0.015416666666666669,1013.76,7.583333333333333,18.348082595870206,11.855029585798816
158,2013-3-13,EWR,1712.5,2013.0,3.0,13.0,11.5,45.4325,30.3725,57.68333333333333,295.4166666666667,10.644715,12.249725127700001,0.0,1010.8391304347825,10.0,7.8522727272727275,-1.7028571428571428
159,2013-3-14,EWR,1736.5,2013.0,3.0,14.0,11.5,36.612500000000004,13.767499999999998,40.481249999999996,285.4166666666667,18.604276666666667,21.409429502466665,0.0,1012.525,10.0,20.04494382022472,9.408450704225352
160,2013-3-15,EWR,1760.5,2013.0,3.0,15.0,11.5,37.41500000000001,14.3225,38.967083333333335,272.0833333333333,15.87117416666667,18.264229807516664,0.0,1012.291666666667,10.0,24.48137535816619,13.454022988505747
161,2013-3-16,EWR,1784.5,2013.0,3.0,16.0,11.5,38.105,24.762500000000003,59.96791666666667,201.5,8.343154999999998,9.601135910900002,0.0004166666666666667,1009.6105263157893,8.0,12.716981132075471,14.438931297709924
162,2013-3-17,EWR,1808.5,2013.0,3.0,17.0,11.5,34.34,19.4075,56.63625,300.4166666666667,11.651647499999996,13.40848291005,0.0,1018.281818181818,9.833333333333334,12.302839116719243,12.43217665615142
163,2013-3-18,EWR,1832.5,2013.0,3.0,18.0,11.5,32.015,16.482499999999998,54.1,100.83333333333333,9.733680833333334,11.201325229383334,0.006666666666666667,1026.822727272727,8.572916666666666,37.220543806646525,46.84829721362229
164,2013-3-19,EWR,1856.5,2013.0,3.0,19.0,11.5,37.955000000000005,33.68,85.84833333333334,138.69565217391303,11.076257500000002,12.74633560585,0.027500000000000007,1009.8000000000001,5.989583333333333,31.50741839762611,36.75449101796407
165,2013-3-2,EWR,1448.5,2013.0,3.0,2.0,11.5,37.16,23.3225,57.22749999999999,311.25,12.035240833333338,13.849914446183334,0.0,1007.7249999999999,10.0,10.337209302325581,-1.6162790697674418
166,2013-3-20,EWR,1880.5,2013.0,3.0,20.0,11.5,39.49250000000001,18.4175,43.895833333333336,266.6666666666667,14.288851666666666,16.443324720966668,0.0,1010.35,10.0,14.6657060518732,9.126801152737752
167,2013-3-21,EWR,1904.5,2013.0,3.0,21.0,11.5,36.267499999999984,16.79,46.943749999999994,287.5,9.925477500000001,11.422040997450003,0.0,1007.4916666666667,10.0,11.371104815864022,1.5909090909090908
168,2013-3-22,EWR,1928.5,2013.0,3.0,22.0,11.5,34.752500000000005,14.270000000000003,43.48333333333335,275.4166666666667,13.569614166666666,15.615640590716666,0.0,1008.3249999999998,10.0,20.405099150141645,14.613636363636363
169,2013-3-23,EWR,1952.5,2013.0,3.0,23.0,11.5,39.1925,18.545,45.13416666666666,272.9166666666667,15.727326666666668,18.098692981466666,0.0,1011.5695652173914,10.0,17.097744360902254,13.931818181818182
170,2013-3-24,EWR,1976.5,2013.0,3.0,24.0,11.5,39.79999999999999,18.395,42.32125,250.0,10.452918333333335,12.029009359633337,0.0,1011.3666666666668,10.0,20.509375,17.154574132492115
171,2013-3-25,EWR,2000.5,2013.0,3.0,25.0,11.5,38.885,28.647499999999997,67.68833333333335,89.58333333333333,8.678799166666668,9.987388505016668,0.004583333333333333,1003.0421052631576,7.291666666666667,29.038216560509554,16.642172523961662
172,2013-3-26,EWR,2024.5,2013.0,3.0,26.0,11.5,42.485,28.75999999999999,62.01666666666667,294.1666666666667,9.254189166666666,10.649535809216667,0.0,1005.690476190476,9.833333333333334,6.525280898876405,-4.050704225352113
173,2013-3-27,EWR,2048.5,2013.0,3.0,27.0,11.5,44.495,23.794999999999998,45.77666666666667,298.6363636363636,12.008139130434783,13.81872634852174,0.0,1012.0833333333334,10.0,7.871148459383753,-4.378151260504202
174,2013-3-28,EWR,2072.5,2013.0,3.0,28.0,11.5,43.99999999999999,27.965000000000003,54.300833333333344,313.9130434782609,12.035240833333335,13.849914446183334,0.0,1015.6826086956522,10.0,10.07843137254902,-0.5098039215686274
175,2013-3-29,EWR,2096.5,2013.0,3.0,29.0,11.5,47.21000000000001,26.720000000000002,46.17041666666666,279.5833333333333,9.398036666666668,10.815072635266667,0.0,1019.566666666667,10.0,3.690340909090909,-7.559659090909091
176,2013-3-3,EWR,1472.5,2013.0,3.0,3.0,11.5,33.724999999999994,19.152499999999996,55.77333333333334,312.5,13.809360000000003,15.8915353008,0.0,1006.6708333333331,9.833333333333334,7.854103343465046,-2.4559270516717326
177,2013-3-30,EWR,2120.5,2013.0,3.0,30.0,11.5,49.05500000000001,23.8325,41.724583333333335,263.9130434782609,7.863663333333335,9.049346490733333,0.0,1020.0791666666665,10.0,2.902621722846442,-12.015037593984962
178,2013-3-31,EWR,2144.5,2013.0,3.0,31.0,11.5,47.40500000000001,30.192499999999995,53.481249999999996,120.8695652173913,5.705950833333333,6.566294099983335,0.0004166666666666667,1017.3869565217392,9.958333333333334,9.756172839506172,4.7894736842105265
179,2013-3-4,EWR,1496.5,2013.0,3.0,4.0,11.5,33.8525,16.579999999999995,49.731666666666655,307.5,15.775275833333334,18.153871923483333,0.0,1008.9043478260869,10.0,7.6579710144927535,-2.9478260869565216
180,2013-3-5,EWR,1520.5,2013.0,3.0,5.0,11.5,38.585,21.349999999999994,50.47875,241.36363636363637,10.644715,12.249725127699996,0.0,1014.5416666666666,10.0,8.413294797687861,0.23768115942028986
181,2013-3-6,EWR,1544.5,2013.0,3.0,6.0,11.5,41.0825,30.59750000000001,66.41208333333334,58.333333333333336,15.823225,18.2090508655,0.0,1013.163157894737,9.875,36.01661129568107,19.694352159468437
182,2013-3-7,EWR,1568.5,2013.0,3.0,7.0,11.5,37.91750000000001,28.95500000000001,70.50541666666668,152.08333333333334,21.912769166666667,25.216776501616668,0.004166666666666667,1015.0222222222224,8.625,33.59501557632399,28.965625
183,2013-3-8,EWR,1592.5,2013.0,3.0,8.0,11.5,34.06999999999999,31.287499999999998,89.83458333333333,325.8333333333333,12.802427500000002,14.732777518449998,0.021250000000000005,1017.9545454545455,2.9583333333333335,97.77067669172932,104.9812030075188
184,2013-3-9,EWR,1616.5,2013.0,3.0,9.0,11.5,42.82250000000001,24.4175,52.622499999999974,314.5833333333333,11.555749166666667,13.298125026016663,0.0,1023.4499999999999,10.0,12.86046511627907,-3.9450980392156865
185,2013-4-1,EWR,2168.5,2013.0,4.0,1.0,11.5,50.26250000000001,40.8725,74.23083333333335,243.04347826086956,11.843444166666666,13.629198678116671,0.0016666666666666668,1005.4055555555557,7.583333333333333,16.945714285714285,17.02285714285714
186,2013-4-10,EWR,2384.5,2013.0,4.0,10.0,11.5,65.51,46.107499999999995,52.006249999999994,121.25,7.623917500000001,8.77345178065,0.007083333333333334,1012.2000000000002,9.958333333333334,27.377643504531722,31.615625
187,2013-4-11,EWR,2408.5,2013.0,4.0,11.0,11.5,56.72749999999999,51.777499999999996,84.21000000000001,97.91666666666667,7.575968333333335,8.718272838633334,0.011250000000000001,1012.7916666666665,7.708333333333333,34.504273504273506,30.46153846153846
188,2013-4-12,EWR,2432.5,2013.0,4.0,12.0,11.5,45.23749999999998,40.775000000000006,84.82500000000002,62.083333333333336,13.665512500000004,15.725998474749998,0.011666666666666667,1011.8538461538463,6.020833333333333,47.80952380952381,48.290419161676645
189,2013-4-13,EWR,2456.5,2013.0,4.0,13.0,11.5,48.20749999999999,37.43750000000001,70.435,135.41666666666666,7.336222500000001,8.442378128550002,0.0025,1010.3666666666666,9.416666666666666,4.158088235294118,1.7720588235294117
190,2013-4-14,EWR,2480.5,2013.0,4.0,14.0,11.5,53.150000000000006,33.679999999999986,51.27041666666667,214.16666666666666,9.445985833333333,10.870251577283334,0.0,1016.8416666666666,10.0,9.048192771084338,10.441087613293051
191,2013-4-15,EWR,2504.5,2013.0,4.0,15.0,11.5,50.12749999999999,27.7175,42.01625000000001,97.91666666666667,7.767765000000003,8.9389886067,0.0,1025.845833333333,10.0,9.909814323607428,7.250666666666667
192,2013-4-16,EWR,2528.5,2013.0,4.0,16.0,11.5,54.875,46.2575,73.01791666666666,131.30434782608697,8.05546,9.2700622588,0.0,1026.0291666666665,10.0,1.6575342465753424,-4.146005509641873
193,2013-4-17,EWR,2552.5,2013.0,4.0,17.0,11.5,63.70249999999999,44.345,54.39749999999999,235.2173913043478,9.973426666666667,11.477219939466666,0.0004166666666666667,1021.6619047619045,10.0,10.925414364640885,9.426183844011142
194,2013-4-18,EWR,2576.5,2013.0,4.0,18.0,11.5,54.87499999999999,42.394999999999996,63.68333333333333,102.91666666666667,6.8567308333333346,7.8905887083833335,0.00125,1025.809090909091,9.791666666666666,49.529085872576175,52.22346368715084
195,2013-4-19,EWR,2600.5,2013.0,4.0,19.0,11.5,63.61250000000001,57.16249999999999,81.10916666666668,117.82608695652173,8.05546,9.270062258799998,0.0,1011.3399999999999,7.34375,48.972644376899694,46.76758409785933
196,2013-4-2,EWR,2192.5,2013.0,4.0,2.0,11.5,39.34250000000001,10.992500000000001,31.549999999999997,285.0,14.672445000000002,16.8847562571,0.0,1014.7125000000002,10.0,18.773480662983424,14.790055248618785
197,2013-4-20,EWR,2624.5,2013.0,4.0,20.0,11.5,57.237500000000004,39.76250000000001,57.03541666666667,262.0833333333333,16.015021666666673,18.429766633566665,0.0025,1012.0318181818184,9.791666666666666,5.459770114942529,3.5632183908045976
198,2013-4-21,EWR,2648.5,2013.0,4.0,21.0,11.5,46.294999999999995,21.0425,37.08875,208.69565217391303,11.651647499999997,13.40848291005,0.0,1031.4583333333333,10.0,6.404761904761905,3.136904761904762
199,2013-4-22,EWR,2672.5,2013.0,4.0,22.0,11.5,47.55500000000001,30.455,51.82833333333334,73.91304347826087,8.007510833333333,9.214883316783332,0.0,1036.1625000000001,10.0,27.089673913043477,26.1775956284153
200,2013-4-23,EWR,2696.5,2013.0,4.0,23.0,11.5,45.74,35.449999999999996,67.62875,52.916666666666664,11.9393425,13.739556562149998,0.0,1028.3500000000001,9.1875,25.058823529411764,23.10914454277286
201,2013-4-24,EWR,2720.5,2013.0,4.0,24.0,11.5,54.66499999999999,42.777499999999996,65.29666666666668,205.41666666666666,8.63085,9.932209562999999,0.0,1015.8608695652174,10.0,22.024590163934427,23.80054644808743
202,2013-4-25,EWR,2744.5,2013.0,4.0,25.0,11.5,57.86000000000001,32.24749999999999,42.897916666666674,247.61904761904762,11.699596666666665,13.463661852066664,0.0,1018.4608695652173,10.0,39.134078212290504,41.514044943820224
203,2013-4-26,EWR,2768.5,2013.0,4.0,26.0,11.5,56.862500000000004,30.012499999999992,39.090833333333336,234.54545454545453,6.4731375,7.449157172250001,0.0,1026.7291666666665,10.0,25.227027027027027,33.05691056910569
204,2013-4-27,EWR,2792.5,2013.0,4.0,27.0,11.5,57.199999999999996,28.714999999999993,35.66041666666667,55.90909090909091,7.384171666666667,8.497557070566668,0.0,1028.554166666667,10.0,3.9169811320754717,-11.784905660377358
205,2013-4-28,EWR,2816.5,2013.0,4.0,28.0,11.5,58.20499999999999,33.365,40.51833333333334,135.2173913043478,6.185442500000001,7.118083520150001,0.0,1025.2083333333333,10.0,7.570996978851964,-3.3293051359516617
206,2013-4-29,EWR,2840.5,2013.0,4.0,29.0,11.5,55.475000000000016,44.9,69.455,127.3913043478261,5.514154166666667,6.345578331916667,0.005416666666666667,1023.1708333333332,9.708333333333334,15.53494623655914,6.010781671159029
207,2013-4-3,EWR,2216.5,2013.0,4.0,3.0,11.5,39.50750000000001,9.4175,29.521249999999995,281.25,13.905258333333334,16.00189318483334,0.0,1020.2041666666668,10.0,5.612466124661246,1.953929539295393
208,2013-4-30,EWR,2864.5,2013.0,4.0,30.0,11.5,57.057500000000005,39.507499999999986,58.62041666666667,96.52173913043478,7.623917500000001,8.773451780650001,0.0,1025.2666666666664,9.916666666666666,5.126373626373627,-7.454293628808864
209,2013-4-4,EWR,2240.5,2013.0,4.0,4.0,11.5,40.872499999999995,17.112499999999997,38.66916666666666,242.5,9.350087500000003,10.759893693250001,0.0,1025.5500000000002,10.0,6.941988950276243,5.265193370165746
210,2013-4-5,EWR,2264.5,2013.0,4.0,5.0,11.5,49.895,22.9475,39.37333333333334,214.16666666666666,9.733680833333334,11.201325229383334,0.0,1013.0833333333331,10.0,9.144444444444444,5.711111111111111
211,2013-4-6,EWR,2288.5,2013.0,4.0,6.0,11.5,44.254999999999995,14.232500000000002,31.428750000000008,304.54545454545456,12.562681666666663,14.456882808366665,0.0,1021.4565217391299,10.0,4.107407407407408,-7.133333333333334
212,2013-4-7,EWR,2312.5,2013.0,4.0,7.0,11.5,47.330000000000005,31.88,56.07250000000002,174.58333333333334,10.644715,12.249725127699998,0.0,1022.8875000000002,10.0,4.717325227963526,-1.0731707317073171
213,2013-4-8,EWR,2336.5,2013.0,4.0,8.0,11.5,58.835,42.125,56.44458333333333,160.0,7.192375000000001,8.276841302500001,0.0,1016.4833333333335,10.0,5.445983379501385,-2.9247910863509747
214,2013-4-9,EWR,2360.5,2013.0,4.0,9.0,11.5,66.5525,43.28,52.715,177.3913043478261,8.870595833333333,10.208104273083334,0.0004166666666666667,1014.2249999999999,9.916666666666666,14.310249307479225,6.027777777777778
215,2013-5-1,EWR,2888.5,2013.0,5.0,1.0,11.5,56.15,34.52750000000001,45.677083333333336,87.91666666666667,6.7608325,7.780230824349999,0.0,1029.3521739130435,10.0,3.4608938547486034,-8.516759776536313
216,2013-5-10,EWR,3104.5,2013.0,5.0,10.0,11.5,66.8675,55.055000000000014,68.48166666666667,177.72727272727272,5.7059508333333335,6.566294099983334,0.0,1014.254166666667,9.333333333333334,15.265927977839334,10.947368421052632
217,2013-5-11,EWR,3128.5,2013.0,5.0,11.0,11.5,66.98,60.88999999999999,81.64208333333333,186.08695652173913,8.295205833333334,9.545956968883335,0.012916666666666668,1009.464705882353,9.708333333333334,15.314285714285715,12.840816326530613
218,2013-5-12,EWR,3152.5,2013.0,5.0,12.0,11.5,63.965,44.435,55.00208333333333,253.75,13.473715833333335,15.505282706683333,0.0,1006.1999999999999,10.0,3.9457831325301207,-6.114457831325301
219,2013-5-13,EWR,3176.5,2013.0,5.0,13.0,11.5,52.400000000000006,26.345000000000002,37.08666666666665,271.6666666666667,13.233970000000001,15.229387996600002,0.0,1015.6833333333333,10.0,10.793956043956044,-0.8044077134986226
220,2013-5-14,EWR,3200.5,2013.0,5.0,14.0,11.5,52.385,26.562499999999996,40.56916666666665,296.25,10.452918333333333,12.029009359633335,0.0,1018.9708333333333,10.0,15.339130434782609,3.7681159420289854
221,2013-5-15,EWR,3224.5,2013.0,5.0,15.0,11.5,58.87250000000001,41.40500000000001,53.63624999999999,182.08333333333334,7.719815833333332,8.883809664683335,0.0,1014.1652173913045,9.958333333333334,17.864553314121036,5.9476744186046515
222,2013-5-16,EWR,3248.5,2013.0,5.0,16.0,11.5,71.14999999999999,53.419999999999995,55.61125000000001,154.58333333333334,6.281340833333334,7.228441404183333,0.0,1007.1875,10.0,19.28767123287671,14.706043956043956
223,2013-5-17,EWR,3272.5,2013.0,5.0,17.0,11.5,68.42,39.612500000000004,35.75666666666667,303.9130434782609,9.733680833333334,11.201325229383334,0.0,1015.4458333333336,9.958333333333334,15.057377049180328,6.885245901639344
224,2013-5-18,EWR,3296.5,2013.0,5.0,18.0,11.5,62.0075,47.3975,59.89958333333332,93.33333333333333,3.6920858333333335,4.248778535283335,0.0,1024.6,10.0,5.563706563706564,-11.03088803088803
225,2013-5-19,EWR,3320.5,2013.0,5.0,19.0,11.5,57.62000000000001,54.905,90.93458333333332,134.54545454545453,6.904679999999999,7.945767650400001,0.01416666666666667,1025.1000000000001,4.833333333333333,28.161585365853657,21.66360856269113
226,2013-5-2,EWR,2912.5,2013.0,5.0,2.0,11.5,58.085,41.817499999999995,57.39750000000001,71.11111111111111,3.644136666666667,4.193599593266666,0.0,1030.25,10.0,9.282191780821918,-4.596685082872928
227,2013-5-20,EWR,3344.5,2013.0,5.0,20.0,11.5,66.515,60.845,84.44791666666669,125.83333333333333,5.610052500000001,6.4559362159500004,0.0,1017.9000000000002,4.28125,11.98082191780822,4.785123966942149
228,2013-5-21,EWR,3368.5,2013.0,5.0,21.0,11.5,76.085,66.08000000000003,73.05625000000002,224.58333333333334,8.630849999999999,9.932209563,0.0,1013.0157894736842,8.729166666666666,14.613832853025936,7.835734870317003
229,2013-5-22,EWR,3392.5,2013.0,5.0,22.0,11.5,72.00500000000001,64.5575,77.99541666666667,107.91666666666667,6.521086666666666,7.504336114266668,0.0,1011.3894736842107,6.9375,23.78527607361963,24.274143302180686
230,2013-5-23,EWR,3416.5,2013.0,5.0,23.0,11.5,74.99750000000002,66.98750000000001,76.99916666666664,182.08333333333334,10.836511666666667,12.47044089576667,0.0025,1010.9642857142859,9.354166666666666,58.18939393939394,62.35632183908046
231,2013-5-24,EWR,3440.5,2013.0,5.0,24.0,11.5,61.107499999999995,56.78,85.83458333333334,260.0,10.644715,12.249725127700001,0.0062499999999999995,1008.1272727272728,9.041666666666666,34.362857142857145,23.18443804034582
232,2013-5-25,EWR,3464.5,2013.0,5.0,25.0,11.5,50.75,40.60999999999999,69.80999999999999,311.6666666666667,17.45349666666667,20.085134894066663,0.005833333333333334,1013.6571428571426,9.916666666666666,8.791164658634537,-3.51417004048583
233,2013-5-26,EWR,3488.5,2013.0,5.0,26.0,11.5,58.160000000000004,34.70000000000001,44.47208333333333,296.25,18.844022500000005,21.68532421255,0.0,1016.5791666666668,10.0,1.436734693877551,-12.363265306122448
234,2013-5-27,EWR,3512.5,2013.0,5.0,27.0,11.5,62.419999999999995,34.849999999999994,38.06041666666666,256.6666666666667,8.343155000000001,9.6011359109,0.0,1022.3249999999999,10.0,2.45,-10.91740412979351
235,2013-5-28,EWR,3536.5,2013.0,5.0,28.0,11.5,61.13,47.675000000000004,63.79208333333335,140.41666666666666,5.226459166666667,6.0145046798166675,0.015416666666666667,1022.28,7.791666666666667,19.07777777777778,11.078212290502794
236,2013-5-29,EWR,3560.5,2013.0,5.0,29.0,11.5,69.3275,61.49000000000001,79.58666666666664,114.78260869565217,5.226459166666667,6.0145046798166675,0.0,1018.305882352941,4.125,11.544444444444444,8.643454038997215
237,2013-5-3,EWR,2936.5,2013.0,5.0,3.0,11.5,57.53000000000001,39.43999999999999,51.53708333333333,96.52173913043478,9.062392500000001,10.42882004115,0.0,1029.4956521739132,10.0,17.62326869806094,5.82825484764543
238,2013-5-30,EWR,3584.5,2013.0,5.0,30.0,11.5,82.99249999999999,63.61999999999998,54.84458333333334,243.47826086956522,9.302138333333335,10.70471475123333,0.0,1018.5124999999999,9.833333333333334,11.247282608695652,-0.7465940054495913
239,2013-5-31,EWR,3608.5,2013.0,5.0,31.0,11.5,83.94500000000001,63.42499999999999,52.49666666666666,215.65217391304347,8.870595833333335,10.208104273083334,0.0,1018.2652173913044,10.0,12.724233983286908,-1.6985915492957746
240,2013-5-4,EWR,2960.5,2013.0,5.0,4.0,11.5,54.3425,42.432500000000005,66.22583333333334,114.58333333333333,6.8567308333333346,7.8905887083833335,0.0,1026.4958333333334,10.0,0.5891472868217055,-18.82101167315175
241,2013-5-5,EWR,2984.5,2013.0,5.0,5.0,11.5,51.88249999999999,40.295,65.12374999999999,100.9090909090909,7.671866666666667,8.828630722666668,0.0,1025.0454545454547,10.0,8.525373134328358,-7.278443113772455
242,2013-5-6,EWR,3008.5,2013.0,5.0,6.0,11.5,54.942499999999995,45.2825,70.57708333333333,99.0909090909091,4.842865833333333,5.5730731436833345,0.0,1023.5363636363636,9.666666666666666,12.408839779005525,-4.185595567867036
243,2013-5-7,EWR,3032.5,2013.0,5.0,7.0,11.5,59.95249999999999,51.0425,73.09500000000001,70.95238095238095,4.746967499999999,5.46271525965,0.0,1020.5347826086954,10.0,4.367521367521367,-12.991404011461318
244,2013-5-8,EWR,3056.5,2013.0,5.0,8.0,11.5,62.367499999999986,57.92750000000001,85.6875,71.81818181818181,7.384171666666667,8.497557070566666,0.03916666666666667,1018.1363636363636,7.208333333333333,43.627507163323784,34.26512968299712
245,2013-5-9,EWR,3080.5,2013.0,5.0,9.0,11.5,60.860000000000014,54.64249999999999,81.17958333333335,172.08333333333334,5.274408333333333,6.069683621833334,0.018750000000000003,1014.3,7.208333333333333,18.857938718662954,11.415041782729805
246,2013-6-1,EWR,3632.5,2013.0,6.0,1.0,11.5,82.5425,64.45249999999999,56.30416666666667,219.58333333333334,10.644715,12.249725127700001,0.0,1015.0416666666666,10.0,2.6576923076923076,-13.333333333333334
247,2013-6-10,EWR,3848.5,2013.0,6.0,10.0,11.5,69.4775,63.14749999999999,81.08458333333336,80.0,5.753900000000001,6.621473041999999,0.012499999999999999,1019.8117647058825,6.979166666666667,34.729651162790695,30.71345029239766
248,2013-6-11,EWR,3872.5,2013.0,6.0,11.0,11.5,73.4375,65.00750000000001,77.33625,182.91666666666666,12.322935833333334,14.180988098283335,0.01,1005.0090909090908,7.572916666666667,15.309248554913294,6.0318840579710145
249,2013-6-12,EWR,3896.5,2013.0,6.0,12.0,11.5,73.295,54.82249999999999,53.759166666666665,301.6666666666667,15.056038333333335,17.32618779323333,0.0,1007.9791666666666,10.0,8.056980056980057,1.6023054755043227
250,2013-6-13,EWR,3920.5,2013.0,6.0,13.0,11.5,66.8675,57.304999999999986,72.60000000000001,136.95652173913044,7.240324166666667,8.332020244516666,0.015416666666666664,1006.6222222222223,9.020833333333334,45.62264150943396,50.74121405750799
251,2013-6-14,EWR,3944.5,2013.0,6.0,14.0,11.5,61.73749999999999,53.495000000000005,76.16916666666665,207.82608695652175,14.049105833333327,16.167430010883333,0.017083333333333336,1005.9476190476191,8.625,19.334285714285713,12.148997134670488
252,2013-6-15,EWR,3968.5,2013.0,6.0,15.0,11.5,70.78249999999998,53.4275,57.90875000000002,229.16666666666666,7.240324166666667,8.332020244516668,0.0,1013.5590909090911,10.0,9.87900355871886,-1.5770609318996416
253,2013-6-16,EWR,3992.5,2013.0,6.0,16.0,11.5,73.3775,56.044999999999995,56.40208333333333,202.91666666666666,9.445985833333333,10.870251577283334,0.0,1012.7874999999999,10.0,9.12,4.12962962962963
254,2013-6-17,EWR,4016.5,2013.0,6.0,17.0,11.5,76.33999999999999,63.649999999999984,66.78375000000001,234.58333333333334,10.35702,11.918651475599999,0.0,1011.3478260869565,9.625,23.605042016806724,28.65449438202247
255,2013-6-18,EWR,4040.5,2013.0,6.0,18.0,11.5,73.4225,64.34750000000001,73.92708333333333,140.0,4.7949166666666665,5.5178942016666666,0.005,1011.5000000000002,9.208333333333334,38.64545454545455,40.693009118541035
256,2013-6-19,EWR,4064.5,2013.0,6.0,19.0,11.5,68.9375,53.58500000000001,63.485833333333325,126.08695652173913,10.357020000000004,11.918651475600003,0.0,1015.3857142857144,10.0,8.30167597765363,6.935754189944134
257,2013-6-2,EWR,3656.5,2013.0,6.0,2.0,11.5,81.905,66.635,61.13500000000002,206.66666666666666,13.186020833333336,15.174209054583331,0.0,1010.7124999999997,10.0,41.67595818815331,32.29965156794425
258,2013-6-20,EWR,4088.5,2013.0,6.0,20.0,11.5,70.18249999999999,53.787500000000016,57.203750000000014,197.5,7.480070000000001,8.6079149546,0.0,1023.0458333333332,10.0,5.224719101123595,-4.2873239436619714
259,2013-6-21,EWR,4112.5,2013.0,6.0,21.0,11.5,72.725,52.407500000000006,49.57749999999999,203.91304347826087,8.966494166666669,10.318462157116668,0.0,1024.9916666666668,10.0,13.742296918767506,0.447887323943662
260,2013-6-22,EWR,4136.5,2013.0,6.0,22.0,11.5,73.64,56.247499999999995,55.29166666666668,198.2608695652174,8.343155000000001,9.6011359109,0.0,1023.4874999999998,10.0,10.93661971830986,-3.067137809187279
261,2013-6-23,EWR,4160.5,2013.0,6.0,23.0,11.5,76.97749999999999,63.8825,64.80125000000002,207.82608695652175,8.822646666666666,10.152925331066667,0.0,1020.7250000000003,10.0,9.01834862385321,1.8518518518518519
262,2013-6-24,EWR,4184.5,2013.0,6.0,24.0,11.5,81.80000000000001,68.8925,68.8125,230.0,10.309070833333331,11.863472533583336,0.0,1016.8363636363639,10.0,43.244712990936556,48.015337423312886
263,2013-6-25,EWR,4208.5,2013.0,6.0,25.0,11.5,81.3875,65.6825,60.62416666666669,237.3913043478261,10.548816666666667,12.139367243666667,0.0,1013.7454545454544,9.916666666666666,47.14450867052023,44.94186046511628
264,2013-6-26,EWR,4232.5,2013.0,6.0,26.0,11.5,80.2325,66.44000000000001,64.21375000000002,237.82608695652175,8.678799166666666,9.987388505016666,0.0,1009.7090909090911,10.0,39.92151162790697,35.2
265,2013-6-27,EWR,4256.5,2013.0,6.0,27.0,11.5,79.265,69.7325,73.76375000000002,124.0909090909091,5.562103333333333,6.400757273933334,0.0,1007.5875000000001,9.166666666666666,44.196875,40.60063897763578
266,2013-6-28,EWR,4280.5,2013.0,6.0,28.0,11.5,78.8,69.49249999999999,75.01625000000003,203.33333333333334,12.370885000000003,14.236167040300002,0.010833333333333334,999.2785714285712,9.541666666666666,52.530944625407166,46.641693811074916
267,2013-6-29,EWR,4304.5,2013.0,6.0,29.0,11.5,76.8125,66.4775,71.62666666666667,195.41666666666666,9.302138333333334,10.704714751233332,0.0,1000.9523809523811,10.0,20.564102564102566,9.388278388278389
268,2013-6-3,EWR,3680.5,2013.0,6.0,3.0,11.5,73.64,67.5725,82.29333333333334,160.83333333333334,8.726748333333333,10.042567447033335,0.04041666666666667,1009.7923076923078,8.583333333333334,20.062322946175637,18.133522727272727
269,2013-6-30,EWR,4328.5,2013.0,6.0,30.0,11.5,77.84750000000001,71.72,81.90791666666668,152.5,6.616985000000001,7.614693998299999,0.0,1007.915,9.375,55.551839464882946,48.53198653198653
270,2013-6-4,EWR,3704.5,2013.0,6.0,4.0,11.5,68.47250000000001,44.57750000000001,44.26125,304.3478260869565,12.370885,14.236167040299998,0.0,1015.2545454545456,10.0,4.595375722543353,-3.9971098265895955
271,2013-6-5,EWR,3728.5,2013.0,6.0,5.0,11.5,65.8025,41.375,41.75,162.17391304347825,8.63085,9.932209562999999,0.0,1020.7666666666668,10.0,8.573863636363637,1.1551724137931034
272,2013-6-6,EWR,3752.5,2013.0,6.0,6.0,11.5,63.95750000000001,55.57250000000001,75.27666666666664,115.21739130434783,7.0485275,8.11130447645,0.0,1019.5380952380953,9.708333333333334,5.910112359550562,2.4787535410764874
273,2013-6-7,EWR,3776.5,2013.0,6.0,7.0,11.5,62.7275,60.74,93.27583333333332,77.3913043478261,9.302138333333334,10.704714751233332,0.07875,1013.1142857142859,4.65625,23.890532544378697,20.69069069069069
274,2013-6-8,EWR,3800.5,2013.0,6.0,8.0,11.5,67.565,59.779999999999994,77.92000000000003,230.41666666666666,12.274986666666669,14.125809156266664,0.023333333333333334,1009.4111111111112,8.208333333333334,8.057553956834532,-1.7014388489208634
275,2013-6-9,EWR,3824.5,2013.0,6.0,9.0,11.5,73.5275,57.84499999999999,60.70041666666668,249.54545454545453,6.233391666666669,7.173262462166666,0.0,1019.4916666666667,10.0,7.700617283950617,-0.08385093167701864
276,2013-7-1,EWR,4352.5,2013.0,7.0,1.0,11.5,75.64250000000001,72.0425,88.6725,140.0,6.089544166666667,7.0077256361166675,0.019583333333333335,1013.9249999999998,8.520833333333334,48.35757575757576,47.627272727272725
277,2013-7-10,EWR,4566.5,2013.0,7.0,10.0,11.5,81.0125,70.9325,72.74499999999999,201.66666666666666,9.158290833333332,10.539177925183333,0.0,1013.5000000000002,9.25,53.048231511254016,56.88666666666666
278,2013-7-11,EWR,4590.5,2013.0,7.0,11.0,11.5,82.3175,68.6825,64.56375000000001,264.5833333333333,9.733680833333336,11.201325229383334,0.0,1010.5090909090909,10.0,20.11111111111111,14.63141993957704
279,2013-7-12,EWR,4614.5,2013.0,7.0,12.0,11.5,75.88250000000001,64.4525,68.30625,46.666666666666664,11.555749166666665,13.298125026016669,0.00125,1014.8473684210527,9.229166666666666,29.016901408450703,15.994334277620396
280,2013-7-13,EWR,4638.5,2013.0,7.0,13.0,11.5,74.375,71.09750000000001,89.88916666666667,50.0,7.048527499999999,8.111304476450002,0.02041666666666667,1021.82,6.75,22.585106382978722,10.967625899280575
281,2013-7-14,EWR,4662.5,2013.0,7.0,14.0,11.5,82.37750000000001,72.43999999999998,74.52499999999999,178.75,6.4731375,7.44915717225,0.0,1025.223529411765,9.75,14.608562691131498,-5.513761467889908
282,2013-7-15,EWR,4686.5,2013.0,7.0,15.0,11.5,86.99000000000001,70.0925,58.909166666666664,277.9166666666667,9.445985833333333,10.870251577283332,0.0,1022.8458333333333,10.0,4.762569832402234,-12.764705882352942
283,2013-7-16,EWR,4710.5,2013.0,7.0,16.0,11.5,87.58250000000002,66.0125,50.02916666666667,232.91666666666666,10.404969166666667,11.973830417616666,0.0,1021.2041666666663,10.0,10.77683615819209,-0.028409090909090908
284,2013-7-17,EWR,4734.5,2013.0,7.0,17.0,11.5,87.5525,67.73,52.76874999999999,58.5,4.315425,4.9661047814999995,0.0,1020.625,10.0,12.713483146067416,0.943502824858757
285,2013-7-18,EWR,4758.5,2013.0,7.0,18.0,11.5,89.51749999999998,70.0175,54.83958333333334,259.04761904761904,7.575968333333333,8.718272838633334,0.0,1016.7249999999999,9.666666666666666,14.067039106145252,11.985955056179776
286,2013-7-19,EWR,4782.5,2013.0,7.0,19.0,11.5,91.1675,73.6475,58.43,232.91666666666666,12.466783333333334,14.346524924333332,0.0,1012.9000000000001,9.375,21.932394366197183,13.620396600566572
287,2013-7-2,EWR,4375.5,2013.0,7.0,2.0,11.454545454545455,78.10454545454546,71.96000000000001,82.03272727272727,175.0,8.578541818181819,9.872014353527272,0.0,1018.6230769230768,9.818181818181818,20.362179487179485,11.84887459807074
288,2013-7-2,JFK,8712.5,2013.0,7.0,2.0,12.0,71.6,69.8,94.06,185.0,10.93241,12.5807987798,0.0,,0.75,27.501557632398754,30.66355140186916
289,2013-7-20,EWR,4806.5,2013.0,7.0,20.0,11.5,87.5825,71.2625,59.441666666666684,237.08333333333334,14.432699166666668,16.60886154701667,0.0,1008.6130434782609,9.791666666666666,11.571428571428571,5.67037037037037
290,2013-7-21,EWR,4830.5,2013.0,7.0,21.0,11.5,81.11749999999999,66.44749999999999,63.20624999999999,137.3913043478261,6.281340833333332,7.228441404183335,0.0020833333333333333,1012.2333333333333,9.958333333333334,16.2760736196319,11.326086956521738
291,2013-7-22,EWR,4854.5,2013.0,7.0,22.0,11.5,80.03,70.565,73.28541666666668,81.36363636363636,5.226459166666666,6.0145046798166675,0.0020833333333333333,1013.1705882352942,9.25,43.919642857142854,55.25151515151515
292,2013-7-23,EWR,4878.5,2013.0,7.0,23.0,11.5,79.94,72.34249999999999,79.50958333333334,200.0,8.870595833333333,10.20810427308333,0.010416666666666666,1003.5,8.166666666666666,35.646525679758305,32.103658536585364
293,2013-7-24,EWR,4902.5,2013.0,7.0,24.0,11.5,79.34750000000001,65.30749999999999,63.54625000000001,281.6666666666667,9.206240000000001,10.5943568672,0.0,1005.7391304347824,10.0,19.994334277620396,18.488636363636363
294,2013-7-25,EWR,4926.5,2013.0,7.0,25.0,11.5,67.37750000000001,53.01500000000001,60.27791666666666,59.166666666666664,14.816292499999998,17.05029308315,0.0,1015.015,10.0,34.3954802259887,27.258522727272727
295,2013-7-26,EWR,4950.5,2013.0,7.0,26.0,11.5,73.295,57.965,60.56583333333333,216.25,10.069325000000001,11.587577823500004,0.0,1016.357142857143,10.0,15.64225352112676,11.17231638418079
296,2013-7-27,EWR,4974.5,2013.0,7.0,27.0,11.5,75.1625,63.00499999999999,67.81958333333334,192.72727272727272,8.487002500000001,9.766672736950001,0.0,1016.7291666666665,9.916666666666666,7.36013986013986,-1.8982456140350876
297,2013-7-28,EWR,4998.5,2013.0,7.0,28.0,11.5,73.9325,67.78999999999998,81.47583333333331,116.81818181818181,5.658001666666667,6.511115157966667,0.0016666666666666668,1014.65,9.541666666666666,45.36156351791531,53.276315789473685
298,2013-7-29,EWR,5022.5,2013.0,7.0,29.0,11.5,77.29249999999999,63.97999999999999,68.12666666666667,226.8181818181818,6.856730833333334,7.890588708383333,0.00375,1015.7954545454544,9.541666666666666,13.735211267605633,8.2
299,2013-7-3,EWR,4398.5,2013.0,7.0,3.0,11.5,78.2,71.47250000000001,80.33958333333332,195.65217391304347,8.439053333333334,9.711493794933334,0.007916666666666667,1022.7299999999998,9.572916666666666,26.70028818443804,18.576368876080693
300,2013-7-30,EWR,5046.5,2013.0,7.0,30.0,11.5,75.17749999999998,54.0425,48.78916666666666,268.69565217391306,8.726748333333335,10.042567447033333,0.0,1020.0416666666666,10.0,9.901685393258427,1.404494382022472
301,2013-7-31,EWR,5070.0,2013.0,7.0,31.0,11.73913043478261,75.38782608695652,57.68521739130433,55.044347826086955,187.14285714285714,5.6037982608695645,6.448738962643479,0.0,1019.8000000000001,10.0,7.804469273743017,2.5252808988764044
302,2013-7-31,JFK,8714.0,2013.0,7.0,31.0,6.0,71.06,55.04,56.93,320.0,8.05546,9.2700622588,0.0,1020.4,10.0,10.054878048780488,1.103658536585366
303,2013-7-4,EWR,4422.5,2013.0,7.0,4.0,11.5,81.5975,72.88999999999999,76.43416666666667,213.75,10.548816666666665,12.139367243666667,0.0,1022.7263157894737,10.0,2.1603053435114505,-14.226053639846743
304,2013-7-5,EWR,4446.5,2013.0,7.0,5.0,11.5,83.555,71.44249999999998,68.78833333333333,221.66666666666666,10.884460833333334,12.525619837783333,0.0,1021.4952380952384,10.0,3.145985401459854,-9.996350364963504
305,2013-7-6,EWR,4470.5,2013.0,7.0,6.0,11.5,86.33,70.79749999999999,61.71125,244.16666666666666,11.124206666666666,12.801514547866665,0.0,1019.2999999999998,10.0,3.9711191335740073,-11.757352941176471
306,2013-7-7,EWR,4494.5,2013.0,7.0,7.0,11.5,87.37250000000002,70.84249999999999,59.24041666666668,234.16666666666666,11.028308333333335,12.691156663833333,0.0,1016.3041666666669,10.0,39.470219435736674,38.39549839228296
307,2013-7-8,EWR,4518.5,2013.0,7.0,8.0,11.5,82.17499999999998,66.78500000000001,61.264166666666675,250.43478260869566,10.548816666666669,12.139367243666664,0.0,1015.9090909090908,10.0,37.326647564469916,33.378223495702
308,2013-7-9,EWR,4542.5,2013.0,7.0,9.0,11.5,82.37749999999998,66.7475,60.650000000000006,231.66666666666666,9.110341666666667,10.48399898316667,0.0,1017.0608695652176,9.958333333333334,29.98270893371758,26.459537572254334
309,2013-8-1,EWR,5093.5,2013.0,8.0,1.0,11.5,71.87749999999998,64.5725,78.33708333333333,146.36363636363637,5.562103333333333,6.400757273933333,0.0175,1014.725,7.958333333333333,35.92424242424242,37.11212121212121
310,2013-8-10,EWR,5309.5,2013.0,8.0,10.0,11.5,78.125,65.29249999999999,67.05083333333333,290.0,8.582900833333335,9.877030620983332,0.0004166666666666667,1013.8375000000001,10.0,8.219081272084805,2.102836879432624
311,2013-8-11,EWR,5333.5,2013.0,8.0,11.0,11.5,74.36,54.77000000000001,51.561666666666675,206.66666666666666,5.897747500000001,6.787009868050002,0.0,1018.2869565217392,10.0,6.854103343465046,5.838414634146342
312,2013-8-12,EWR,5357.5,2013.0,8.0,12.0,11.5,75.18499999999999,65.36,72.64958333333333,151.8181818181818,3.979780833333334,4.579852187383333,0.008333333333333333,1015.9454545454547,9.4375,6.081460674157303,3.485955056179775
313,2013-8-13,EWR,5381.5,2013.0,8.0,13.0,11.5,74.09749999999998,68.67500000000003,83.775,88.69565217391305,3.212594166666667,3.6969891151166667,0.015,1010.0117647058823,7.875,28.78443113772455,38.28700906344411
314,2013-8-14,EWR,5405.5,2013.0,8.0,14.0,11.5,70.08500000000001,52.95499999999999,56.25333333333335,301.6666666666667,13.80936,15.8915353008,0.0,1010.2666666666668,10.0,13.920679886685553,9.994269340974212
315,2013-8-15,EWR,5429.5,2013.0,8.0,15.0,11.5,69.2075,48.65000000000001,50.082916666666655,274.3478260869565,6.664934166666668,7.669872940316666,0.0,1018.7750000000001,10.0,13.564606741573034,7.98876404494382
316,2013-8-16,EWR,5453.5,2013.0,8.0,16.0,11.5,70.6325,52.75999999999999,55.68833333333334,165.71428571428572,4.219526666666667,4.855746897466667,0.0,1020.8291666666665,10.0,9.126404494382022,0.6197183098591549
317,2013-8-17,EWR,5477.5,2013.0,8.0,17.0,11.5,72.2225,54.46999999999999,55.490416666666675,119.04761904761905,4.699018333333332,5.407536317633333,0.0,1023.7750000000001,10.0,5.275862068965517,-9.904214559386974
318,2013-8-18,EWR,5501.5,2013.0,8.0,18.0,11.5,72.125,56.1575,58.07416666666666,85.65217391304348,5.17851,5.9593257378,0.0,1023.4041666666666,10.0,11.920382165605096,4.248407643312102
319,2013-8-19,EWR,5525.0,2013.0,8.0,19.0,11.08695652173913,71.46695652173914,60.37739130434781,69.35217391304349,211.30434782608697,6.404340869565217,7.369987385878261,0.0,1019.2217391304347,10.0,6.034188034188034,-4.467236467236467
320,2013-8-2,EWR,5117.5,2013.0,8.0,2.0,11.5,75.8525,63.612500000000004,70.18416666666667,246.25,8.343155,9.601135910900002,0.0025,1011.2318181818181,9.041666666666666,17.262108262108264,12.205128205128204
321,2013-8-20,EWR,5548.5,2013.0,8.0,20.0,11.5,76.64,63.22249999999999,67.01249999999999,214.54545454545453,5.897747500000001,6.78700986805,0.0,1018.578260869565,9.75,6.674285714285714,-7.388571428571429
322,2013-8-21,EWR,5572.5,2013.0,8.0,21.0,11.5,80.645,61.65500000000001,55.300000000000004,228.5,5.658001666666666,6.511115157966667,0.0,1020.1999999999999,9.833333333333334,3.4801136363636362,-7.191428571428571
323,2013-8-22,EWR,5596.0,2013.0,8.0,22.0,11.043478260869565,76.24727272727273,68.85090909090908,79.0240909090909,216.36363636363637,6.604476521739131,7.600299491686958,0.007391304347826086,1016.6187500000001,9.08695652173913,34.4306784660767,32.819526627218934
324,2013-8-22,LGA,8719.0,2013.0,8.0,22.0,22.0,75.92,66.92,73.68,210.0,8.05546,9.2700622588,0.0,1011.9,10.0,35.40068493150685,27.920689655172414
325,2013-8-23,EWR,5618.5,2013.0,8.0,23.0,12.5,76.18999999999998,60.49727272727272,61.82454545454545,269.54545454545456,9.78163,11.2565041714,0.0,1014.0954545454545,9.409090909090908,7.4858757062146895,2.6260623229461757
326,2013-8-24,EWR,5641.5,2013.0,8.0,24.0,11.5,71.34500000000001,52.2725,51.973333333333336,53.91304347826087,10.40496916666667,11.973830417616666,0.0,1023.2541666666666,10.0,3.386100386100386,-14.693798449612403
327,2013-8-25,EWR,5665.5,2013.0,8.0,25.0,11.5,72.365,55.03999999999999,58.04291666666666,198.2608695652174,5.897747500000001,6.78700986805,0.0,1027.2208333333335,10.0,9.058631921824103,-10.684039087947882
328,2013-8-26,EWR,5689.5,2013.0,8.0,26.0,11.5,74.42,58.42250000000001,57.99541666666667,230.0,12.274986666666663,14.12580915626667,0.0,1020.35,10.0,5.0,-11.011461318051577
329,2013-8-27,EWR,5713.5,2013.0,8.0,27.0,11.5,78.95,66.71000000000001,68.31416666666665,247.91666666666666,10.500867500000002,12.08418830165,0.00125,1011.6304347826089,10.0,2.4077380952380953,-14.657738095238095
330,2013-8-28,EWR,5737.5,2013.0,8.0,28.0,11.5,77.84000000000002,68.69,74.36583333333333,80.0,3.1166958333333334,3.586631231083333,0.052083333333333336,1011.4952380952379,8.583333333333334,35.751612903225805,26.883870967741935
331,2013-8-29,EWR,5761.5,2013.0,8.0,29.0,11.5,74.55499999999999,68.14250000000001,81.5025,60.869565217391305,6.329289999999998,7.2836203462,0.0,1014.1300000000001,8.0,7.785923753665689,-5.3352941176470585
332,2013-8-3,EWR,5141.5,2013.0,8.0,3.0,11.5,73.63999999999999,62.24750000000001,68.10416666666667,242.5,9.685731666666666,11.146146287366669,0.0008333333333333334,1012.2916666666666,9.958333333333334,8.96774193548387,3.2282608695652173
333,2013-8-30,EWR,5785.5,2013.0,8.0,30.0,11.5,75.24499999999999,66.23750000000001,74.54166666666667,213.75,9.158290833333334,10.539177925183333,0.0,1014.6684210526314,10.0,5.445103857566766,-11.047761194029851
334,2013-8-31,EWR,5809.5,2013.0,8.0,31.0,11.5,78.515,70.3325,76.84375,216.25,10.980359166666668,12.635977721816666,0.0,1010.5409090909089,9.916666666666666,2.9237668161434978,-14.592760180995475
335,2013-8-4,EWR,5165.5,2013.0,8.0,4.0,11.5,74.3075,57.275,57.61749999999998,232.5,8.7746975,10.09774638905,0.0,1011.7458333333334,10.0,8.358895705521473,1.1503067484662577
336,2013-8-5,EWR,5189.5,2013.0,8.0,5.0,11.5,71.165,47.5625,44.93333333333333,313.9130434782609,9.445985833333333,10.870251577283332,0.0,1016.2083333333334,10.0,9.815642458100559,8.560224089635854
337,2013-8-6,EWR,5213.5,2013.0,8.0,6.0,11.5,73.085,53.25500000000002,51.587500000000006,174.0909090909091,6.473137500000001,7.44915717225,0.0,1018.3208333333336,10.0,8.067226890756302,-1.2913165266106443
338,2013-8-7,EWR,5237.5,2013.0,8.0,7.0,11.5,73.9475,62.98250000000001,68.93458333333334,155.83333333333334,7.815714166666666,8.994167548716666,0.0,1019.8318181818181,10.0,13.509859154929577,12.923728813559322
339,2013-8-8,EWR,5261.5,2013.0,8.0,8.0,11.5,74.885,70.085,85.29083333333331,164.54545454545453,6.664934166666668,7.669872940316668,0.004583333333333333,1017.6923076923077,9.333333333333334,41.453216374269005,53.651651651651655
340,2013-8-9,EWR,5285.5,2013.0,8.0,9.0,11.5,79.145,72.83,81.81583333333333,194.16666666666666,10.35702,11.918651475600003,0.0008333333333333334,1012.8555555555556,9.791666666666666,35.85329341317365,43.72727272727273
341,2013-9-1,EWR,5833.5,2013.0,9.0,1.0,11.5,78.8,71.54,78.85833333333333,181.25,7.9116125,9.10452543275,0.0,1009.7764705882354,9.958333333333334,1.8823529411764706,-10.058823529411764
342,2013-9-10,EWR,6048.5,2013.0,9.0,10.0,11.5,75.32000000000001,65.44249999999998,72.18499999999999,208.75,10.932409999999999,12.580798779800004,0.0,1020.0105263157893,9.708333333333334,9.262839879154079,-3.8363636363636364
343,2013-9-11,EWR,6072.5,2013.0,9.0,11.0,11.5,84.2675,72.4775,69.56708333333333,213.75,9.733680833333333,11.20132522938333,0.0,1018.1583333333333,8.041666666666666,11.452012383900929,9.25
344,2013-9-12,EWR,6096.5,2013.0,9.0,12.0,11.5,80.6075,70.87249999999999,72.64500000000002,197.91666666666666,9.733680833333333,11.20132522938333,0.0,1012.6699999999998,7.875,58.70909090909091,60.40996168582375
345,2013-9-13,EWR,6120.5,2013.0,9.0,13.0,11.5,71.075,61.279999999999994,73.37791666666666,285.8333333333333,10.069325000000001,11.5875778235,0.007916666666666667,1005.3565217391305,9.875,14.068047337278106,5.510385756676558
346,2013-9-14,EWR,6144.5,2013.0,9.0,14.0,11.5,60.98000000000001,45.91999999999998,58.10416666666666,314.5833333333333,11.795495,13.5740197361,0.0,1014.2583333333331,10.0,-0.5682819383259912,-18.623893805309734
347,2013-9-15,EWR,6168.5,2013.0,9.0,15.0,11.5,60.63499999999999,44.26250000000001,57.65208333333333,264.76190476190476,5.993645833333335,6.897367752083333,0.0,1021.0041666666667,10.0,5.583870967741936,-5.622580645161291
348,2013-9-16,EWR,6192.5,2013.0,9.0,16.0,11.5,65.03,52.684999999999995,66.00625000000001,272.5,7.2403241666666664,8.332020244516665,0.00125,1018.5652173913045,9.916666666666666,3.322674418604651,-1.552325581395349
349,2013-9-17,EWR,6216.5,2013.0,9.0,17.0,11.5,58.160000000000004,39.43249999999998,51.11083333333332,98.33333333333333,11.363952499999998,13.07740925795,0.0,1027.333333333333,10.0,0.11782477341389729,-10.425981873111782
350,2013-9-18,EWR,6240.5,2013.0,9.0,18.0,11.5,60.25250000000002,43.145,55.37416666666666,175.83333333333334,4.4592725,5.131641607550001,0.0,1026.0916666666667,10.0,4.943786982248521,-6.673590504451038
351,2013-9-19,EWR,6264.5,2013.0,9.0,19.0,11.5,63.05000000000001,48.4925,63.32708333333331,205.65217391304347,5.801849166666666,6.676651984016668,0.0,1021.1875000000001,10.0,16.916913946587538,6.709580838323354
352,2013-9-2,EWR,5857.0,2013.0,9.0,2.0,11.130434782608695,77.4695652173913,72.32782608695652,84.52913043478259,105.71428571428571,3.102102608695653,3.5698376400347827,0.003913043478260869,1008.4615384615386,7.956521739130435,47.65909090909091,40.751633986928105
353,2013-9-2,JFK,8715.0,2013.0,9.0,2.0,20.0,75.2,73.4,94.14,200.0,4.60312,5.2971784336,0.0,,4.0,35.55821917808219,28.356401384083046
354,2013-9-20,EWR,6288.5,2013.0,9.0,20.0,11.5,65.89249999999998,55.19750000000001,70.78083333333335,174.7826086956522,6.425188333333335,7.393978230233334,0.0,1018.0333333333332,9.916666666666666,8.557522123893806,-3.121301775147929
355,2013-9-21,EWR,6312.5,2013.0,9.0,21.0,11.5,67.4675,59.675000000000004,77.28291666666668,120.0,6.664934166666666,7.669872940316666,0.0,1012.5428571428569,10.0,4.3652173913043475,-10.447826086956521
356,2013-9-22,EWR,6336.5,2013.0,9.0,22.0,11.5,66.14,54.8075,70.19125,266.6666666666667,11.363952499999996,13.07740925795,0.02625,1007.4619047619046,8.78125,1.8155339805825244,-8.68729641693811
357,2013-9-23,EWR,6360.5,2013.0,9.0,23.0,11.5,58.512499999999996,40.415000000000006,51.61416666666668,321.6666666666667,11.699596666666665,13.46366185206667,0.0,1014.7833333333334,10.0,11.839650145772595,0.924198250728863
358,2013-9-24,EWR,6384.5,2013.0,9.0,24.0,11.5,59.51,41.27,54.035000000000004,288.69565217391306,9.014443333333334,10.373641099133334,0.0,1015.775,9.958333333333334,-1.1454545454545455,-13.293939393939393
359,2013-9-25,EWR,6408.5,2013.0,9.0,25.0,11.5,62.757500000000014,43.35500000000001,51.04374999999999,149.0,4.507221666666667,5.186820549566666,0.0,1013.4791666666669,10.0,0.6695906432748538,-6.715542521994135
360,2013-9-26,EWR,6432.5,2013.0,9.0,26.0,11.5,62.42000000000001,53.637499999999996,73.63125000000002,62.083333333333336,6.808781666666666,7.835409766366666,0.0,1015.395238095238,10.0,3.7011494252873565,-6.095100864553314
361,2013-9-27,EWR,6456.5,2013.0,9.0,27.0,11.5,62.13500000000001,51.8675,70.09041666666667,58.26086956521739,7.048527500000001,8.111304476449998,0.0,1021.7478260869566,10.0,2.2593659942363113,-7.913544668587896
362,2013-9-28,EWR,6480.5,2013.0,9.0,28.0,11.5,64.115,51.1625,64.66708333333332,50.43478260869565,7.959561666666666,9.159704374766667,0.0,1025.2695652173911,10.0,-0.3963963963963964,-22.270642201834864
363,2013-9-29,EWR,6504.5,2013.0,9.0,29.0,11.5,62.7425,53.554999999999986,73.22416666666668,56.25,4.1236283333333335,4.745389013433333,0.0,1022.0833333333331,10.0,5.891373801916933,-7.461538461538462
364,2013-9-3,EWR,5880.5,2013.0,9.0,3.0,11.5,76.58749999999999,66.11749999999999,73.44666666666664,186.08695652173913,6.425188333333334,7.3939782302333334,0.0,1007.81875,9.5,3.437125748502994,-10.045180722891565
365,2013-9-30,EWR,6528.5,2013.0,9.0,30.0,11.5,62.9075,51.785,69.80624999999999,101.9047619047619,4.02773,4.635031129400001,0.0,1017.6625,10.0,3.352601156069364,-11.568115942028985
366,2013-9-4,EWR,5904.5,2013.0,9.0,4.0,11.5,72.905,56.0375,57.12291666666666,289.1304347826087,9.541884166666668,10.980609461316666,0.0,1013.9666666666667,10.0,0.8363095238095238,-15.502994011976048
367,2013-9-5,EWR,5928.5,2013.0,9.0,5.0,11.5,71.8775,53.6675,55.774166666666666,275.8333333333333,10.836511666666667,12.47044089576667,0.0,1015.275,10.0,-0.5087719298245614,-15.62280701754386
368,2013-9-6,EWR,5952.5,2013.0,9.0,6.0,11.5,64.09999999999998,41.71999999999999,45.236250000000005,153.1818181818182,7.671866666666667,8.828630722666668,0.0,1022.3625000000003,10.0,-0.07871720116618076,-17.14956011730205
369,2013-9-7,EWR,5976.5,2013.0,9.0,7.0,11.5,67.085,46.62500000000001,51.29750000000001,232.5,6.808781666666667,7.835409766366666,0.0,1018.2208333333333,10.0,-1.3493449781659388,-24.707423580786028
370,2013-9-8,EWR,6000.5,2013.0,9.0,8.0,11.5,73.86500000000001,54.91999999999999,53.300416666666656,273.3333333333333,11.316003333333333,13.022230315933333,0.0,1011.6166666666668,10.0,2.2540192926045015,-13.948387096774194
371,2013-9-9,EWR,6024.5,2013.0,9.0,9.0,11.5,64.42999999999999,46.805,53.49375,93.91304347826087,9.302138333333334,10.704714751233332,0.0,1021.4958333333334,10.0,1.900874635568513,-16.15497076023392
